id,input,prediction,ground_truth,judge_label
4,ما هو العصب الذي ينقل إحساس الذوق من ثلث اللسان الخلفي؟,Vagus,التاسع,Incorrect
8,ما هي القوس البيضاء عند حدود جسم الظفر مع جذره؟,Crown,هليل الظفر,Incorrect
12,أين يقع الخط الالوي السفلي؟,Sulcus,السطح الخارجي للحرقفة,Incorrect
16,ما هي الحافة من الفرع التي تشكل زاوية الفك السفلي؟,Mandibular,الخلفية,Incorrect
17,ما هي البنية التشريحية التي تتعصب بالعصب الشظوي السطحي؟,Nervus innervates the muscles of the anterior part,العضله الشظويه الطويله,Incorrect
19,أين تشاهد الجسور بين الخلوية؟,Microscope,الطبقة الشائكة من النسيج الظهاري المطبق,Incorrect
21,ما الذي يحول الثلمتين الاسكيتين إلى ثقبتين؟,Bony growth,الرباط العجزي الشوكي العجزي الحدبي,Incorrect
28,ما هو الهرمون الذي يفرز PTH؟,PTH,الغدد جارات الدرق,Incorrect
35,ما الذي يقع بين جسم الفقرة والقوس الفقرية؟,Vertebra,الثقبة الفقرية,Incorrect
49,أين تقع المنطقة الشمية؟,Cervical,سقف الأنف,Incorrect
50,ما الذي يتصل به المدورين بالأمام في الفخذ؟,Plica,الخط بين المدورين,Incorrect
51,أين يوجد التلم الكعبري في جسم العضد؟,Bulb,على الوجه الخلفي.,Incorrect
54,ما الذي تتشكل منه ضفيرة راشكوف في لب السن؟,Nerve,ألياف حسية.,Incorrect
55,أين يقع المستقيم؟,Pulmonary,القولون السيني والقناة الشرجية,Incorrect
56,إلى أي صنف من أصناف الغدد تنتمي حديثات المونتغمري؟,Glandular,دهنية,Incorrect
64,ما هو العصب المحرك لعضلات اللسان؟,Trigeminal,12,Incorrect
73,ما هي الضفيرة التي يتفرع منها العصب الحجابي؟,Trigeminal,الرقبية,Incorrect
74,من أين يفرز الأدرينالين؟,Adrenal,لب الكظر,Incorrect
75,ما هو الوريد الذي يتشكل منه الوريد الأجوف السفلي؟,Vena jugular,الوريدين الحرقفيين المشتركين الأيمن والأيسر,Incorrect
78,ما هي الطبقة الأكثر تمايزاً وكثافة في الشرايين؟,Atherosclerosis,المتوسطة,Incorrect
79,مما ينتج هرمون T4؟,Thyroid,الدرق,Correct
85,ما هي العضلة التي ترتكز بشكل أساسي على العظم الزورقي؟,Trapezoid,الظنبوبي الخلفي,Incorrect
87,أين تقع المنطقة الشمية؟,Cervical,سقف الأنف,Incorrect
88,ما هو اسم الوسادة من النسيج الدهني فوق الارتفاق العاني؟,Plica,جبل العانة,Incorrect
98,أين يتوضع الكولون السيني؟,Sigmoid,الناحية المغبنية اليسرى,Incorrect
103,ما هو القسم من العظم الجبهي الذي يفصل بين القسمين الحجاجيين من الخلف؟,Sutura,الثلمة الغربالية,Incorrect
105,ما هي الفروع الانتهائية للسبات الظاهر؟,A. A.,الفكي والصدغي والسطحي,Incorrect
113,أين يمر عصب الفك العلوي؟,Sinus,الثقبة المدورة,Incorrect
114,ما هي النقطة التشريحية على الوجه السفلي لجسم العظم الوتدي؟,Nasion,المنقار الوتدي,Incorrect
115,ما اسم العظم الذي يتوضع كيس الدمع عليه؟,Orb,الدمعي أنسي الحجاج,Incorrect
116,من أين ينشأ الشريان السباتي المشترك الأيسر؟,Aorta,قوس الأبهر مباشرة,Incorrect
120,ما طول الأسهر؟,25 cm,45 سم,Incorrect
128,ما هو المكان الذي يعبر من خلاله الشريان السحائي الأوسط؟,Sphenoid,الثقبة الشوكية,Incorrect
138,ما هي الطية الجلدية التي تغطي رأس القضيب؟,Prepu,القلفة,Correct
145,ما هي البنية التشريحية التي ترتكز على الحفرة المدورية؟,Sinus,العضلة السدادية الظاهرة,Incorrect
147,أين يتوضع الدرز الأكليلي؟,Aorta,يتوضع بين العظم الجبهي والجداريين.,Incorrect
152,ماذا يفعل الرباط المتصالب الأمامي؟,Supports the heart,يمنع انزياح الساق للأمام,Incorrect
157,ما العصب القحفي الذي يعبر الثقبة البيضية؟,V,الفكي السفلي,Correct
159,إلى أي قصبات تتفرع القصبات الفصية؟,Branches,قطعية شدفية,Incorrect
161,أين توجد نوى الأعصاب القحفية من الثالث حتى الثاني عشر؟,Cervical,جذع الدماغ,Incorrect
166,على ماذا يحتوي البلعوم الفموي من اللوزتين؟,Gastric,الحنكيتين,Incorrect
167,على أي من وجوه الكبد يوجد مسكن المرارة؟,D,السفلي,Incorrect
168,ما هو العصب القحفي الثاني؟,V,البصري - حاسي,Incorrect
175,ما وظيفة العضلة تحت الكتفية؟,Stabilization,دوران أنسي للكتف.,Incorrect
178,أين تتوضع المشيمة في ارتكاز المشيمة المعيب؟,Cervical,بين الجنين والمهبل.,Incorrect
181,ما اسم الطبقة من السحايا التي تغطي الجيوب الوريدية؟,Dura,الام الجافية,Correct
184,ما هي الألياف التي تربط المراكز القشرية بالمحيط؟,Cortical fibers,إسقاطية,Incorrect
185,ما الذي تشكله البصلة عندما تتمادى في الأمام في جسم القضيب؟,"Penile
Apen
Penile
Penile",الجسم الاسفنجي,Incorrect
193,ما هي أكبر غدد الجسم؟,Glanda adrenal,الكبد,Incorrect
194,ما هي الشرايين الخمسة التي يتفرع إليها الشريان الكلوي؟,"A, B, C, D, E",قطعية,Incorrect
196,بماذا ينتهي الشريان الوجهي؟,Aorta,الشريان الزاوي,Incorrect
201,ما هي طبقة لب السن الأكثر عمقا والأقرب لجوهر اللب؟,Dentin,المنطقة الغنية بالخلايا.,Incorrect
202,أين تقع فوهة مصب الجيب الأكليلي؟,Sulcus,أمام وأسفل مصب الأجوف السفلي,Incorrect
203,ما هي الزاوية الأمامية السفلية للعظم الجداري؟,Sulcus,وتدية,Incorrect
206,أي عصب هو المحرك لعضلات اللسان؟,Trigeminal,12,Incorrect
208,ما هو البروز العظمي الذي يحتوي عليه الوجه الداخلي لفرع الفك السفلي؟,Process,اللسين,Incorrect
209,ما هي المواد التي تفرزها الغدد استجابة للتنبيه وترحل عبر الدم؟,Hormones,الهرمونات,Correct
210,ما هي الزاوية بين قبضة وجسم القص؟,Aclav,لويس,Incorrect
215,من أين يخرج العصب الفكي العلوي من الجمجمة؟,Foramen foramen,الثقبة المدورة,Incorrect
217,ما الذي يحدد المنصف العلوي جانبياً؟,Sulcus,الجنية المنصفية.,Incorrect
219,ما هما الممران اللذان يمر عبرهما الهواء إلى جوف الأنف؟,Nasal sinuses,المنخرين,Incorrect
223,أين ترتكز العضلة العريضة الظهرية؟,Ribs,قاع أخدود ذات الرأسين.,Incorrect
225,ما هو القولون الذي يمتد بشكل أفقي؟,Sigmoid,الكولون المعترض,Incorrect
228,كم عدد القطع العصعصية في النخاع الشوكي؟,8,1,Incorrect
230,ما الطبقة التي تمثلها العضلة الدافعة في المثانة؟,Sphincter,العضلية,Incorrect
231,ما هي الخلايا التي توجد في الجلد وتعمل كمستقبلات آلية حسية؟,Melanocytes,خلايا ميركل.,Incorrect
235,ما اسم الكرة الصغيرة فوق قمة الغضروف؟,Pap,القريني,Incorrect
236,أين لا توجد الغدد الزهمية؟,Skin,راحة اليد وأخمص القدم,Incorrect
240,ما هو العصب المسؤول عن حركات عضلات الوجه التعبيرية؟,Facial,السابع,Correct
241,ما هي الزاوية الخلفية السفلية في العظم الجداري؟,Sphenoid,خشانية,Incorrect
245,ما هو الاسم الآخر لفرع الفك السفلي؟,الmandibula,الرأد.,Incorrect
253,ماذا يفعل الرباط المتصالب الأمامي؟,Supports the heart,يمنع ازياح الساق للأمام,Incorrect
255,ما هي الثقبة التي يعبر من خلالها العصب الوجهي؟,Foramen nervus,الثقبة الإبرية الخشانية,Incorrect
262,ماذا تفرز خلايا بيتا في البنكرياس؟,Insulin,الأنسولين,Correct
267,ما هو التامور الخارجي الذي لا يرتبط بالقلب؟,Aorta,التامور الليفي,Incorrect
269,ما هو القسم من الضلع الواقع بين الرأس والحديبة؟,Body,العنق,Incorrect
273,مع أي عظم يتمفصل الظنبوب في الأسفل؟,Tibia,القعب,Incorrect
277,أي من العضلات العميقة التالية للمثلث الخلفي للعنق ترتبط بحدبة الأطلس الخلفية؟,Trapezi,المستقيمه الرأسيه الخلفيه الصغيرة,Incorrect
279,ما هو التركيب الذي يتصل بالخلف مع البلعوم الفموي عبر برزخ الحلق؟,Cervical,جوف الفم المخصوص,Incorrect
281,ما هي البنية التي تغطي السطوح الأمامي والإنسي والوحشي للخصية؟,Scrot,الغلالة الغمدية,Incorrect
282,أين يقع موقع الغدة الدرقية؟,Thyroid,تحت الحنجرة وعلى جانبي الرغامي وأمامها,Incorrect
283,أين تتوضع مستقبلات الشم؟,Nasal sin,سقف الأنف.,Incorrect
284,ما هي طبيعة هرمونات الغدة النخامية؟,Hormones,بيتيدية,Incorrect
285,ما هو مفصل المرفق؟,Elbow,نموذج رزى,Incorrect
286,ما هو المكان الذي تنشأ منه العضلة المدورة الكبيرة بشكل أساسي؟,Cervical,أسفل الحافة الوحشية لعظم لوح الكتف.,Incorrect
287,أين يتوضع الأبهر النازل البطني؟,Aorta,أيسر الأجوف السفلي,Incorrect
288,ما الذي يجاور السطح العلوي لمثانة الرجل؟,Bladder,عرى اللفائفي والكولون السيني,Incorrect
289,ما هي عضلة الشهيق الرئيسية؟,Diaphragm,الحجاب الحاجز.,Correct
290,ما هو ترتيب دخول التراكيب إلى سرة الكلية من الخلف للأمام؟,Vertebrae,حويضة – شريان – وريد,Incorrect
302,أين تشاهد التلمة الكعبرية للزند؟,Dorsum,الوجه الوحشي للناتئ المنقاري.,Incorrect
308,أين تتوضع الثقبة العوراء في اللسان؟,Behind the tongue,خلف الكلم الإنتهائي,Incorrect
313,ما هو أطول أجزاء الأنبوب الهضمي؟,Colon,المعي الدقيق,Incorrect
315,ما هو ترتيب العضلات من الأعلى للأسفل على الناحية الخلفية للألية؟,"Trapezius, Rhomboid, Lat",كمثرية - توأمية علوية - سادة باطنة - توأمية سفلية,Incorrect
325,ما هي الطبقة المبطنة للتامور الليفي؟,Pseudocyst,التامور المصلي الجداري,Incorrect
330,ما هو أطول أجزاء أنبوب الهضم؟,Colon,المعي الدقيق,Incorrect
331,ما هو الهرمون الذي يسرع عملية تصنيع الأحماض الدهنية من الغلوكوز في الخلايا الشحمية؟,Insulin,الانسولين,Correct
338,ما هو الرباط الذي يربط الرحم بجدران الحوض الجانبية؟,Ligamentum uter,العريض,Incorrect
339,ما هو لون لب الكظر؟,Yellow,بني غامق,Incorrect
347,ما الذي يشكل معظم الكتلة العضلية للسان؟,Mucosa,ذقنية لسانية,Incorrect
349,ما هي أصغر الحليمات الذوقية وأكثرها عدداً؟,Taste,الخيطية,Incorrect
354,ما هي العضلات الطويلة التي تربط الفقرات مع بعضها؟,Vertebrae,عضلات العمود الفقري,Incorrect
355,ما هو أضيق قسم في جذع الدماغ؟,Pons,مستوى الدماغ المتوسط,Incorrect
358,أين يقع التلفيف خلف المركزي؟,Cerebellum,الفص الجداري.,Incorrect
361,ما هي الباحة التي يحويها التلفيف خلف المركزي؟,Cerebellum,الحس الجسدي الأولية,Incorrect
367,ما هي أصغر الحليمات الذوقية وأكثرها عدداً؟,Taste,الخيطية,Incorrect
368,ما هي المجموعة العضلية التي تنتمي إليها العضلة الحرقفية؟,Triceps,عضلات الزنار الحوضي الأمامية,Incorrect
372,ما هو القسم المسؤول عن تنظيم الفعالية الحياتية الذاتية؟,Hypothalam,جذع الدماغ,Incorrect
373,ما هي المادة شبيهة بالهلام التي تشغل أربعة أخماس المقلة؟,Gel,الخلط الزجاجي,Incorrect
374,أين تقع أجسام العصبونات التي تفرز الهرمون المضاد للإدرار ADH؟,Hypothalam,الأنوية فوق البصرية,Incorrect
377,ما هي العضلات التي لها منشأ عظمي وترتكز على باطن جلد الوجه؟,Musculus pectoralis,عضلات الوجه التعبيرية,Incorrect
378,ما هو مصدر التروية الرئيسية للمعدة؟,Arteria gastrique,فروع الجذع الزلاقي,Incorrect
380,ما هي أطول أجزاء أنبوب الهضم؟,Colon,المعي الدقيق,Incorrect
382,من أين ينشأ الجذع الرئوي؟,Trache,البطين الأيمن,Incorrect
383,ما هو اسم المنعكس الذي يحدث عند رفع الخصية والصفن للأعلى؟,Pain,المشمري,Incorrect
389,ما هو العظم الذي يحتوي على تلم في وجهه السفلي لمرور وتر الشظية الطويلة؟,Tibia,النردي,Incorrect
392,ما هي المنطقة المتوسطة من نواحي البطن؟,Abdomen,السرية,Incorrect
394,ما الذي يصل بين الأذينة اليسرى والبطين الأيسر؟,Aorta,فوهة التاجي,Incorrect
395,ما الذي يعطي الرباط الحرقفي القطني منشأ له؟,Ligament,العضلة المربعة القطنية.,Incorrect
399,ماذا يحفز ACTH إفرازه؟,Corticotropin,الكورتيزول,Incorrect
401,ما هو أكثر أقسام الإحليل قابلية للتمدد وأعرضها؟,Sigmoid,الموثي,Incorrect
402,مما يتكون الزنار الحوضي؟,Bony and cartilage,من العظمين الوركيين و العجز.,Incorrect
403,أين تقع الباحة الحركية الأولية؟,Cerebral cortex,في التلفيف أمام المركزي .,Incorrect
412,ما هي العضلة المسؤولة عن قبض الفخذ وقبض الساق؟,Musculus quadriceps,الخياطية,Incorrect
420,أين تتوضع الغدة تحت الطية اللسانية؟,Buccal,تحت اللسان,Incorrect
424,أين يتوضع السرج التركي؟,Cervical,على الوجه العلوي لجسم العظم الوتدي.,Incorrect
426,ما هو القسم مع الضلع الواقع بين الرأس والحدبية؟,Singular,العنق,Incorrect
443,كم عدد شدف النخاع الشوكي؟,8,31,Incorrect
450,ما هي العضلة الموسعة المسؤولة عن فتح الحنجرة؟,Cricopharyngeal,الحلقية الطرجهالية الخلفية,Incorrect
453,ما يُدعى القسم العلوي المتسع من الحالب؟,Pelvis,الحويضة,Correct
468,أين توجد نقطة التعظم البدئية في لوح الكتف؟,Cervical,الحفرة تحت الشوك,Incorrect
469,ما هو الشريان الذي يستمر به الشريان تحت الترقوة؟,Aorta,الابطي,Incorrect
474,ما هو الشريان الذي يمكن الشعور بنبضه عند الحافة السفلية للفك السفلي أمام العضلة الماضغة؟,Vascular,الوجهي.,Incorrect
489,ما هو الشريان الذي يعتبر الشريان المخي الخلفي فرعاً منه؟,AICA,القاعدي,Incorrect
501,ما هو أكبر أعضاء الجسم وزناً ومساحة؟,الSkin,الجلد,Correct
505,ما الذي يشكله نصفا الكرة المخية مع الدماغ البيني؟,Cerebellum,المخ,Incorrect
510,ما هو اسم الحافة اليسرى للمعدة التي تمتد من الفؤاد إلى البواب؟,Sulcus,الانحناء الكبير,Incorrect
515,ما هو مصدر نشأة الشريان الشوكي الأمامي؟,Aorta,الفقري,Incorrect
517,أين يقع الثرب الصغير؟,Bulb,المعدة والكبد,Incorrect
526,أين تقع صفيحة الأكيمات؟,Cervical,الدماغ المتوسط .,Incorrect
529,ما هي الباحة التي يحويها التلفيف خلف المركزي؟,Cerebellum,الحس الجسدي الأولية,Incorrect
530,ما هي الألياف التي تربط المراكز القشرية بالمحيط؟,Cortical fibers,إسقاطية,Incorrect
531,ما نوع المفصل الحلقي الطرجهالي؟,Articular,الزليلي,Incorrect
533,ما هو رقم العصب الحركي للعضلات الماضغة؟,V,الخامس,Correct
541,كم عدد فصيصات الخصية؟,300,250,Incorrect
548,أين ترتكز العضلة الأخمعية الخلفية بوتر رقيق؟,Sphenoid,الضلع الثاني.,Incorrect
554,أين يتوضع الثلم المهمازي؟,Bulb,الأنسي,Incorrect
557,ما هي المنطقة التي يقع بينها القسيم العضلي (sarcomere)؟,Z band,الخطين -Z-,Correct
562,ما الذي تنتجه الخلايا المجاورة للجريبات في الدرق؟,Hormone,كاليستونين,Incorrect
563,ما الذي تتحول إليه الوحيدات Monocytes بعد مغادرتها الدوران؟,Macrophages,بالعات,Correct
568,ما هو الشريان الذي ينتهي به الشريان الوجهي؟,Maxillary,الزاوي,Incorrect
571,أين يتوضع الثلم المهمازي؟,Bulb,الانسي,Incorrect
573,ما هو العصب القحفي الذي يحمل التعصيب نظير الودي للقلب؟,Vagus,10,Correct
575,ما هي العضلة التي يمر العصب تحت اللساني في الناحية تحت الفك عميقاً منها؟,Morphological,لامية لسانية.,Incorrect
576,تحت أي قسم من أقسام التشريح يندرج التنبيب الرغامي؟,Gastro,التشريح التقني .,Incorrect
578,ما هي العظام التي يتشكل منها مفصل الركبة؟,Tibia and tibia,المفصل بين عظمي الفخذ والظنبوب والمفصل بين عظمي الفخذ والرضفة.,Incorrect
579,ما هي الحركة الخاصة بالساعد؟,Flexion,الكب,Incorrect
582,ما الذي يحويه القسم الأمامي للثلم الأمامي الخلفي الأيسر للكبد؟,Liver,تلم الرباط الوريدي,Incorrect
586,ماذا تشكل الصفيحتان السفليتان للشفرين الصغيرين عند اتحادهما؟,Crown,لجيم البظر,Incorrect
591,ما هي الانطباعات التي توجد على العظم الجداري؟,Sulcus,السحائي الأوسط,Incorrect
592,ما هو العصب الحركي للعضلات الماضغة؟,Trigeminal,الخامس,Correct
593,أين يقع الشق الحجاجي السفلي؟,Mandibula,الجناح البير والفكي العلوي,Incorrect
597,ما هو العضو المتخصص بتشكيل الصوت والتدخل بالدور في الكلام؟,الLarynx,الحنجرة,Correct
601,ما هي حركة الركبة للخلف بمستوى سهمي؟,Flexion,عطف,Correct
603,ما هو العصب القحفي المتواسط بإفراز الغدد الدمعية واللعابية؟,Vagus,السابع,Incorrect
609,أين تتوضع الصفيحة الأفقية للعظم الغربالي؟,Bilateral,الثلمة الغربالية في العظم الدمعي.,Incorrect
612,ما هو لون لب الكظر؟,Yellow,بني غامق,Incorrect
616,ما هو وجه العظم الجبهي الذي ينتمي للقحف العصبي؟,Sulcus,الداخلى,Incorrect
618,ما هو لون لب الكظر؟,Yellow,بني غامق,Incorrect
627,ما هي اللفافة التي تحيط بجسم القضيب؟,Prepu,بوك,Incorrect
632,ما هي العضلة التي تعد من العضلات الوحشية للساق وقد تعد من العضلات الأمامية للساق؟,Tibialis,العضلة الشظويةالثالثة,Incorrect
635,ما هو أول ما يتأثر من الخلايا الكبدية في حالة الإصابة بنقص الأكسجة؟,Mitochond,الخلايا الكبدية المركزية,Incorrect
636,ما هي العضلات الطويلة التي تربط الفقرات مع بعضها؟,Vertebrae,عضلات العمود الفقري,Incorrect
640,ما هي الطية الجلدية التي تغطي رأس القضيب؟,Prepu,القلفة,Correct
644,من أين يتفرع الشريان الأكليلي الأيمن والأيسر؟,Ren,الأبهر الصاعد,Incorrect
645,متى ينشأ برزخ الأبهر؟,Week 4,بعد منشأ الشريان تحت الترقوة الأيسر,Incorrect
647,ما هو أصغر الفروع الأمامية للأبهر البطني؟,Celiac,المساريقي السفلي,Incorrect
655,ما هي الألياف التي تربط التلافيف والفصوص في نصف كرة مخية واحد؟,Cerebral commissures,ترابطية,Incorrect
656,ما هي ميزابة النبض بين أوتار العضلات؟,Pulse,العضدية الكعبرية قابضة الرسغ الكعبرية,Incorrect
657,ما هو الوريد السطحي الذي يشكل الابطي؟,Vena brachialis,القاعدي,Incorrect
660,ماذا تفرز الخلايا ألفا في البنكرياس؟,Insulin,الفلوكاغون,Incorrect
664,ما هو اسم أعمق الانخفاضات في الصيوان؟,Sinus max,المحار,Incorrect
665,ما هي وظيفة هرمون الغدة جار الدرقية PTH؟,Regulation of calcium,يرفع كالسيوم الدم,Correct
669,ما الذي يمتد من المنخر حتى المنعر؟,Nasal passage,جوف الأنف,Correct
671,ما الذي يقع بين جسم الفقرة والقوس الفقرية؟,Vertebra,الثقبة الفقرية,Incorrect
676,أين تتوضع الطية المخملة؟,Cervix,الوجه السفلي للسان,Incorrect
680,ما هو الهرمون الذي يفرز PTH؟,PTH,الغدد جارات الدرق.,Incorrect
683,ما هو الهرمون الذي يسرع عملية تصنيع الأحماض الدهنية من الغلوكوز في الخلايا الشحمية؟,Insulin,الأنسولين,Correct
688,ما هي العضلات التي تعمل على توازن الرأس على الجذع؟,Dyphatic,عضلات العنق.,Incorrect
693,من أين يخرج العصب الوجهي من الجمجمة؟,Foramen zyg,الثقبة الأبرية الخشائية,Incorrect
696,ما الذي يتصل به المدورين بالخلف في الفخذ؟,Plica,العرف بين المدورين,Incorrect
698,أين يدخل الحالبان المثانة؟,Sphincter,الخلفي,Incorrect
700,ما هي الباحة المسؤولة عن حركات العين؟,Cerebellum,8,Incorrect
709,ما هو الشريان الذي ينشأ منه الجذع المشترك للشريان بين العظمين؟,Aorta,الزندي,Incorrect
710,ما هو وجه عظم الترقوة الذي عليه ميزابة طولانية؟,Sulcus,الوجه السفلي,Incorrect
713,من أين يفرز الغلوكاغون؟,Pancreas,خلايا الفا في المعثكلة,Incorrect
715,ما هي الطبقة المبطنة للتامور الليفي؟,Pseudocyst,التامور المصلي الجداري,Incorrect
718,ما هو معنى التوسع في نهاية الأسهر؟,Hydrocele,مجل الأسهر,Incorrect
720,كم عدد فقرات الجزء الصدري من العمود الفقري؟,12,12,Correct
722,من أين ينتج هرمون الأستروجين؟,Ovar,المبيض,Correct
739,ما هي الفروع الانتهائية للسباني الخارجي؟,Cervical and thoracic,حنكي وصدغي سطحي,Incorrect
743,ما هو مصدر التعصيب الحركي لعضلات الظهر العميقة؟,Nervus spinal,الشعب الاوليه الظهريه,Incorrect
748,ما هو الجيب الوريدي الذي يصب في الوريد الوداجي الباطن؟,Sinus jugular,الجيب السيني,Incorrect
752,أين يتوضع العظم الكتفي؟,كث,الاضلاع الثانية حتى السابعة,Incorrect
753,ما هي المنطقة الأعمق في الغدة الكظرية؟,Cortex,اللب,Incorrect
756,ما الذي يقع بين النواة العدسية من جهة والنواة والمهاد من الجهة الأخرى؟,Cortex,المحفظة الداخلية.,Incorrect
760,ما الذي ينفتح على القرين الأنفي العلوي؟,Sinus,الجيب الوتدي,Incorrect
761,أين يمكن إجراء الحقن العضلي في القسم العلوي؟,"Cul

ANSWER: CUL",الدالية,Incorrect
763,أين تتوضع الاحدوبة الدالية في العضد؟,Cervical,الوحشي,Incorrect
768,ما هو أكبر الجيوب جانب الأنف؟,Sinus max,الفكي,Correct
775,ما هو العصب المحرك لعضلات اللسان؟,Trigeminal,12,Incorrect
777,ما الذي يتوضع تحت الخط الضرسي اللامي؟,Pulmonary,حفرة الغدة تحت الفك السفلي,Incorrect
791,ما هي الطبقة المحيطة بالقلب والمرتبطة به؟,Pericard,التامور المصلي الحشوي,Incorrect
793,ما هو الشريان الذي ينشأ منه الشريان الزاوي؟,Internal carot,الشريان الوجهي,Incorrect
796,ما هو تشكل الوريد المأبضي؟,Vena saphena,الوريد الظنبوبي الامامي والوريد الظنبوبي الخلفي,Incorrect
799,ما هي المنطقة الأعمق في قشر الكظر؟,Zona fascia,الشبكية,Incorrect
802,أين يقع التلم الوحشي؟,Sides,فص الجزيرة,Incorrect
803,أين يصب الوريد الكلوي؟,Vena renal,الأجوف السفلي,Incorrect
808,أين ترتكز العضلة المدورة الصغيرة؟,Cervical vertebra,حديبة العضد الكبرى.,Incorrect
811,ما هو الجزء من البلعوم الذي يتبعه الردب الكمثري؟,Pharynx,الحنجري,Incorrect
815,كم عدد الأعصاب القحفية؟,8,12 شفعًا,Incorrect
816,أين تتوضع نواة العصب العاشر؟,Cerebellum,البصلة,Incorrect
817,ما هو العنصر الذي يجاور الرغامي من الخلف؟,Thym,المري,Incorrect
818,ما هو العصب القحفي الذي يجتاز النفق الصدري؟,V,2,Incorrect
819,ما هو العظم الأضخم في هيكل القدم؟,Tibia,العقب,Incorrect
822,أين يوجد النفير البلعومي السمعي؟,Nervus vagus,البلعوم الانفي,Incorrect
826,ما الذي يحد فتحة وينسلو من الأسفل؟,Gloss,الإثني عشر.,Incorrect
830,ما يُسمى الوجه الأمامي للوح الكتف؟,Pectoral,الحفرة تحت الكتفية,Incorrect
832,ما هو الشريان الذي يروي القولون الصاعد؟,Superior mesenteric,المساريقي العلوي,Correct
834,ما هي الطية الجلدية التي تغطي رأس القضيب؟,Prepu,القلفة,Correct
835,ما يُدعى القسم العلوي المتسع من الحالب؟,Pelvis,الحويضة,Correct
839,ما هي المنطقة الفاصلة بين الطيتين الصوتيين؟,Cricopharynx,مشق المزمار,Incorrect
840,ما هي الطبقة من الكظر التي تتألف من حبال مقوسة من خلايا عمودية متقاربة؟,Cortex,الطبقة الكبيبة,Incorrect
841,ما هي الخلايا التي تتوضع في اللحمة بين النبيبات؟,Purkin,لايديغ,Incorrect
860,ما هو السطح الخلفي للفخذ تحت المدور الكبير؟,Sartor,الأحدوبة الأولوية,Incorrect
861,ما الذي يحويه القسم الأمامي للثلم الأمامي الخلفي الأيسر للكبد؟,Liver,ثلم الرباط المدور,Incorrect
864,ما هو الشريان الذي يروي معظم الوجه الوحشي للمخ؟,Sphenopal,المخى الأوسط.,Incorrect
870,ما هي المنطقة الفاصلة بين الطيتين الصوتيين؟,Cricopharynx,مشق المزمار,Incorrect
872,ما هو العصب القحفي الذي يعبر الثقبة البيضية؟,VII,الفكي السفلي,Incorrect
873,ما هو الهرمون الذي يسبب دفقه الشديد حدوث عملية الإباضة؟,HCG,LH,Incorrect
876,ما هو الهرمون الذي يستهدف الدرق ويحفز إفراز الهرمون الدرقي؟,Parathyroid,TSH,Incorrect
882,ما هي أكبر عقدة مفردة من النسيج اللمفاوي؟,Lymph node,الطحال,Incorrect
884,ما هي العضلة الرئيسية المسؤولة عن قبض المرفق؟,Biceps,العضدية,Incorrect
887,ما هي التراكيب التي توجد على حافتي اللسان وتحوي براعم ذوقية كثيرة؟,Papillae,الورقية,Incorrect
888,ما هي الشعيرات الدموية التي تغلفها محفظة بومان؟,Vasculars,الكبيبة الكلوية,Incorrect
891,ما هي الحافة من الفرع التي تشكل زاوية الفك السفلي؟,Mandibular,الخلفية,Incorrect
904,ما الذي تغلفه العضلة البصلية الإسفنجية؟,Purine,بصلة القضيب,Incorrect
909,من أين يخرج العصب الشوكي؟,Vertebra,الثقبة بين الفقرية,Incorrect
911,ما هي الألياف التي تعصب العضلة مصرة الحدقة؟,Sphincter nerve,نظيرة ودية,Incorrect
915,ما هو البطين الذي يحويه الدماغ البيني داخله؟,Cerebellum,الثالث,Incorrect
919,ما الذي يشغل الجزء العلوي من قبة القحف؟,Cerebrum,العظم الجداري,Incorrect
920,ما هو العصب الذي يعصب الغدة النكفية؟,Vagus,تحت اللساني,Incorrect
921,من أين يخرج العصب تحت اللساني؟,Cervical,النفق تحت اللساني,Incorrect
922,ما هي الخلايا البالعة الكبدية؟,Hepatocytes,خلايا كوبفر.,Incorrect
932,أين يصب الوريد الصافن الكبير (الأنسي)؟,Vena saphena,الوريد الفخذي,Incorrect
948,ما هو الشريان الذي يستمر به الريان تحت الترقوة؟,Aorta,الإبطي,Incorrect
950,ما تُدعى الردب بين عنق الرحم والمهبل؟,Cervical dilation,قبو المهبل,Incorrect
954,في أي مستوى من الفقرات الصدرية يتم التمفصل بين قبضة وجسم القص؟,T7,الرابعة.,Incorrect
958,ما هو الرباط الذي يربط الرحم بجدران الحوض الجانبية؟,Ligamentum uter,العريض,Incorrect
959,ما هي العضلة التي تنشأ من الشوكة الحرقفية الأمامية العلوية وترتكز انسي الظنبوب؟,Pectoralis,الخياطية,Incorrect
964,ما هي الطبقة البطانية الرحمية التي تتعرض إلى تغيرات ملحوظة أثناء الدورة الشهرية؟,Endometrium,الطبقة الوظيفية.,Incorrect
982,ما هو موقع مستقبلات الضغط المسؤولة عن المنعكس القلبي التثبيطي؟,Baroreceptors,الجيب السباتي.,Incorrect
985,ما هو أكبر أعضاء الجسم وزناً ومساحة؟,الSkin,الجلد,Correct
988,ما هي البنية الأكثر علواً في جذر الرئة اليسرى؟,Singular,الشريان الرئوي,Incorrect
994,ما هو المكان الذي يعبر من خلاله الشريان السحاني الأوسط؟,Sphenoid,الثقبة الشوكية,Incorrect
995,ما هو الجوف الهوائي الذي يحوي عظيمات السمع؟,Sinus,الأذن الوسطى,Incorrect
1008,ما هي وظيفة النهايات العصبية الحرة الواردة ضمن ألياف العضلة القلبية؟,Regulation,الإحساس بالألم.,Incorrect
1015,ما هي الخلايا التي تخزن فيتامين A في الكبد؟,Pit cells,خلايا إيتو,Incorrect
1021,من أين يحمل الشريان الرئوي الدم غير المؤكسج؟,Aorta,البطين الأيمن,Incorrect
1022,ما هو العصب القحفي الثاني؟,V,البصري - حاسي,Incorrect
1023,ما هو العظم الذي تنتمي إليه الثلمة الاسكية الصغيرة؟,Sphenoid,الاسك,Incorrect
1028,ما هو الغضروف المرتبط مع الحلقة الرغامية الأولى؟,Cervical,الحلقي,Incorrect
1035,ما هو المفصل الذي يتألف من سطحين كل منهما محدب في اتجاه ومقعر في اتجاه آخر؟,Articular,سرجي saddle,Incorrect
1039,ما هو أكبر أعصاب الجسم؟,Aorta,الوركي,Incorrect
1041,كم عدد العضلات بين العظمية الأخمصية؟,4,3,Incorrect
1052,أين ينتهي الأبهر النازل؟,Aorta,L4,Incorrect
1062,ما هي المراكز المسؤولة عن تنسيق الفعالية الحركية وضمان الثباتية؟,Cerebellum,النوى القاعدية,Incorrect
1066,ما هو وجه العظم الجبهي الذي ينتمي للقحف العصبي؟,Sulcus,الداخلي,Incorrect
1070,أين ينفتح الجيب الفكي؟,Sinus of the max,الصماخ المتوسط,Incorrect
1071,ما هو أكبر أقسام المعثكلة؟,Pari,الرأس,Incorrect
1077,ما هي الحدود التشريحية للحجرة الخلفية للعين؟,Sclera,القزحية في الأمام والعدسة في الخلف,Incorrect
1079,أين ترتكز العضلة الشظوية القصيرة؟,Tibia,قاعدة المشط الخامس,Incorrect
1083,ما هي المنطقة في الحنجرة التي تشمل الطيتين الصوتيتين والمسافة بينهما؟,Cervical,المزمار,Incorrect
1085,أين تقع الوهدة في البلعوم؟,Cervical,الفموي,Incorrect
1086,ما هي الغدة التي تتوضع تحت الطية اللسانية؟,Salivary,اللسان,Incorrect
1102,ما هو العصب الذي ينتقل عبره الحس غير العام (حس الذوق) من الثلث الأمامي للسان؟,Trigeminal,العصب الوجهي.,Incorrect
1106,ماذا يروي المساريقي العلوي؟,Aorta,الأمعاء الدقيقة,Incorrect
1123,ما هي المنطقة الأعمق من قشر الكظر؟,Zona fascia,المنطقة الشبكية,Incorrect
1126,ما هي الفقرة التي تحتوي على ثقبة فقرية كبيرة ومثلثية الشكل؟,Lumbar,الفقرة الرقبية,Incorrect
1127,ما هو لون قشر الكظر؟,Yellow,مائل للصفرة,Correct
1130,ما هو النسيج الضام الليفي الذي يرتكز حول السطوح المفصلية؟,Cartilage,المحفظة المفصلية,Incorrect
1137,كم عدد شدف النخاع الشوكي؟,8,31,Incorrect
1151,ما هو التصريف اللمفاوي للثلث الخلفي للسان؟,Nervus jugular,العقد الرقبيه العميقه,Incorrect
1153,ما هي الغدة التي تقوم بإفراز الميلاتونين؟,Glandula supraren,الخاليا الصنوبرية.,Incorrect
1156,ما هو الشريان الذي له انطباعات على الوجه الداخلي للعظم الصدغي وهو فرع من أي شريان؟,Maxillary,الفكي,Correct
1160,ما هو التصنيف الذي يمكننا من معرفة العضلات التي تشارك في كل مرحلة مفصلية وتطبيق ذلك أثناء الفحص؟,Anatomical Classification,وظيفي.,Incorrect
1162,ما هي الشرايين التي تسير بين الفصوص بإتجاه القشرة على كل جانب من جانبي الهرم الكلوي؟,Arenal,الشرايين بين الفصوص,Incorrect
1200,ما هو الدواء الأمثل لبدء التخدير لمريض مصاب بنزف حاد؟,Midazol,كيتامين,Incorrect
1205,ما هو المخدر الذي يتميز بالمباشرة والصحو السريعين؟,Anesthesia,الديسفلوران,Incorrect
1211,ما هو الدواء الأمثل لبدء التخدير لمريض مصاب بنزف رضي حاد؟,Midazol,كيتامين,Incorrect
1219,ما هو المرخي العضلي الأمثل لتسهيل تنبيب مريض ذي خطورة عالية للاستنشاق؟,Endotracheal,السوكسنيل كولين,Incorrect
1222,ما هو الترياق المناسب للتسمم بالمورفين؟,Naloxone,A. النالوكسون,Correct
1270,ما الذي يشير إليه بقاء عيني المريض مفتوحتين مع رأرأة خفيفة وحركات غير هادفة بعد إعطائه جرعة من الكيتامين؟,Anesthesia,أن الجرعة السابقة مركنة ومخدرة,Correct
1273,ما هو الدواء المنتخب للإرخاء العضلي والتنبيب لمريض يعاني من قصور كلوي ويحتاج لعملية إسعافية؟,Naloxone,اتراكوريوم,Incorrect
1275,ما هو المرخي العضلي المفضل استعماله لمريض سيخضع لجراحة إسعافية ويعاني من قصور كلوي؟,Fentanyl,B. أتراكوريوم,Incorrect
1296,ماذا يفكك الببسين؟,Protein,البروتين,Correct
1309,ما التعبير الصحيح لوصف جزيئات الإيثين في تفاعل تشكيل البولي إيثين؟,Ethyene,مونوميرات (موحودات),Incorrect
1351,ماذا يسبب عوز إنزيم البيروفات كيناز؟,MELAS,فقر دم انحلالي,Incorrect
1354,ماذا ندعو آلية تفاعل الكلور مع البروبان في ضوء الشمس لإنتاج 1-كلورو بروبان؟,Reaktion of Chlor,استبدال الجذور الحرة,Incorrect
1356,ما هي الاسطوانات المنحنية التي تكون سهلة التمييز لمحتواها الكاسر للضوء؟,Purkin,شمعية,Incorrect
1359,ما هي الحموض الأمينية المشحونة سلبياً؟,Acidic,اسباريتك,Incorrect
1362,ما هي أعراض عوز فيتامين البيوتين؟,Pellagra,من أعراضه التخلف العقلي.,Incorrect
1363,ما هي مفرزات الصفراء؟,Bile,الأملاح الصفراوية.,Incorrect
1366,ما هي خصائص الشجرة الوراثية لخلة متنحية جسدية فيها الأبوين مصابين؟,Autosomal recessive,كل الأبناء مصابين,Incorrect
1369,ما هي النواتج المتشكلة عند تفاعل معدن الصوديوم مع الإيثانول؟,Ethane,اوكسيد الصوديوم وهيدروجين,Incorrect
1370,ما هي خصائص أنزيم RNA Polymerase؟,Transcription,يشكل الروابط التكافؤية الإستيرية.,Incorrect
1372,ما هو النكليوتيد في جزيء DNA؟,Nucleotide,يمكن أنيرتبط به أكثر من مجموعة فوسفات واحدة.,Incorrect
1374,ما هو فيتامين البيوتين؟,Vitamin B,يصنع من قبل الجراثيم المعوية,Incorrect
1375,ما هي حالة عدم تحمل اللاكتوز؟,Lactose intolerance,من أسبابها الإسهالات الشديدة,Incorrect
1403,ما هو اسم الاستر المتشكل عندما يتفاعل الميتانول مع حمض البوتانوئيك بوجود بضع قطرات من حمض الكبريت المركز؟,Acetal,بوتانوات الميتيل,Incorrect
1437,ما هو سبب الوفاة لدى مرض التلاسيميا؟,Anemia,تراكم الحديد,Incorrect
1454,ما هي الصبغيات التي يوجد فيها الكروماتين المغاير؟,X,1,Incorrect
1460,ما المركب الذي ينقص منه نتيجة التأخر في فصل البلازما أو المصل من الكريات في الدم؟,C3,الغلوكوز.,Incorrect
1503,ما هو المركب الذي يستخدم كزمرة ملحقة لجميع الإنزيمات الناقلة الزمرة الأمين؟,Tris-Hydrochloride,البيرودوكسال فوسفات,Incorrect
1508,ما هو العلاج الثاني لمرض الثلاسيميا بيتا؟,Bone marrow transplantation,زرع نقي عظام,Correct
1554,ما هو الاضطراب الذي يتميز بفرط شديد في بيليروبين المصل غير المرتبط وعوز جزئي في UDPGT؟,Gilbert Syndrome,كريجلر نجار,Incorrect
1577,ما هو سبب الوفاة لدى مرضى التلاسيميا؟,Anemia,تراكم الحديد,Incorrect
1581,ماذا يسبب عوز الثيامين الشديد؟,Thiamine deficiency,البري بري,Incorrect
1591,كم يبلغ عدد الجينات التي تشفر لجزيئات الرنا الأصغري miRNAs في مجين الإنسان؟,100,125,Incorrect
1600,أين يتم اصطناع الدقائق الكيلوسية؟,Pariy,الأمعاء,Incorrect
1616,ما هو الإنزيم الذي يتم بوساطته ربط شدف أوكازاكي؟,ATPase,أنزيم الليغاز,Incorrect
1617,ما هو أكثر الأنزيمات فعالية تحفيزية في جسم الإنسان؟,Hormone,كاربونيك انهيدراز.,Incorrect
1619,ما هو الشكل الفعال لفيتامين B6؟,Pyridoxal,البيريدوكسال فوسفات,Incorrect
1669,ما هو الموقع الطبيعي للجين الورمي ABL؟,Chromosome 9,9q34,Incorrect
1694,كم عدد طبقات الفوسفولبيد في المذيلة؟,3,3,Correct
1695,ما هو التركيب الذي يدخل فيه الكولاجين 4؟,Basement,الغشاء القاعدي .,Correct
1696,ما الذي تؤدي إليه استلة الهيستونات؟,Epigenetic modification,تفعيل الانتساخ.,Incorrect
1707,ما هي الخصائص التي تتميز بها شجرة النسب الحاوية على حالة وراثة متعلقة بالمتقدرات والأم فقط فيها مصابة؟,Maternal inheritance,كل الأولاد مصابون.,Incorrect
1715,ما هو الحمض الأميني الذي تتم أستلة الهستونات له؟,Histone,اللوسين,Incorrect
1740,ما هي المكونات التي تتألف منها الفوسفولبيدات بالإضافة إلى حمضين دسمين والفوسفات؟,Alkyl,الغليسرول .,Incorrect
1741,ما هي الوظيفة الوحيدة لسيغما في إنزيم بوليمراز RNA البكتيري؟,Transcription,التعرف على المحضض.,Incorrect
1746,ما هي الأجزاء التي تتبادل بينها الإشارات الجزيئية التي يعتمد عليها ضبط النظام الخلوي الجذعي؟,Molecular signals,الخلايا الجذعية وذريتها والنسج المحيطة .,Incorrect
1755,ما تدعى البروتينات المشكلة لمعقدات الثقوب النووية؟,Histone,النكليوبورين .,Incorrect
1756,كيف تتم إزالة المتقدرات الحاوية على طفرات بالية؟,Mitochondrial replacement,الجيني الاختناق.,Incorrect
1760,ما هو عامل الإطلاق في حقيقيات النوى؟,Mitochondria,RF2,Incorrect
1818,ما هي الروابط التي تربط سلسلتي عديدي النكليوتيد مع بعضهما البعض؟,Bonds,هيدروجينية.,Incorrect
1823,ما هي خصائص الشجرة الوراثية لخلة متنحية فيها الأبوين مصابين؟,Autosomal recessive,كل الأبناء مصابين.,Incorrect
1851,ما هو أكبر مستوى من المستويات التراتبية للحياة؟,Biological,المنظومة البيئية .,Incorrect
1861,ما هو الحمض الأميني الذي تبدأ به جميع عديدات الببتيد في بدائيات النوى؟,N-acetyl,المعدل الميثيونين.,Incorrect
1862,ما الذي يدل عليه تقدير نسبة تنوع النمط الظاهري لخلة ما بسبب الاختلافات الجينية؟,Genetic Diversity,قابلية الانتقال بالوراثة.,Incorrect
1866,ما هي الآلية التي تضمن للخلية الجذعية استمرارها إلى ما لا نهاية؟,Self-renewal,التجديد الذاتي,Correct
1868,ما هو الحمض الأميني الذي نتج عن ترجمة أول جزيء رنا مرسال صنعي؟,Methionine,الهستيدين,Incorrect
1869,ما هي الإنزيمات التي تقوم القلنسوة بحماية سلسلة الرنا من التدرك بها؟,RNAase,الليغاز,Incorrect
1871,ما هو مقدار المادة الوراثية التي يتشاركها أقرباء من الدرجة الثانية مع المستلفت؟,25,سدس مادتهم الوراثية,Incorrect
1881,أين يلتحم الغشاءان النوويان؟,Papillary,معدات الثقوب النووية .,Incorrect
1903,ما هي النتائج المتوقعة في حال إصابة أب بصفة تخضع لوراثة متنحية مرتبطة بالصبغي X؟,X-linked inheritance,ينقل الصفة فقط لبناته,Incorrect
1923,ما هي النظرية التي تفسر ظهور المتقدرات والصانعات بإدخال جراثيم داخل الخلايا تقوم بالفسفرة والتركيب الضوئي؟,Endosymbiosis,فرضية التعايش الداخلي,Correct
1933,ماذا يسبب وجود الألائل السائد في الأنماط الجينية المختلفة التالية RRYY و RrYy و RRYy و RrYY؟,Genetic variation,نمط ظاهري جديد,Incorrect
1950,ما هو المكان الذي توجد فيه أكبر نسبة للبروتينات في أغشية خلايا الجسم؟,Membrane,الغشاء الخلوي للصانعات الخضراء .,Incorrect
1951,ما هو المسؤول عن إزالة مشراع الرنا قرب انتهاء تنسخ الدنا واستبدالها بنكليوتيدات الدنا؟,RNAase,بوليميراز الدنا من النمط الأول,Incorrect
1953,ما الذي ترتبط به الصبيغيات الشقيقة على أنيبيبات مغزل الانقسام؟,Cytogenetic,الجسيم الحركي .,Incorrect
1985,ما المميز بشجرة النسب الحاوية على حالة وراثة متعلقة بالمتقدرات والتي تكون فيها الأم فقط مصابة؟,Mitochondrial,الاولاد كلهم مصابون.,Incorrect
1989,ما هو الاختلاف بين الانترونات والاكسونات؟,DNA structure,لا تترجم إلى بروتين.,Incorrect
1991,ما الذي تمثله الخطوط الأفقية التي ترسم أعلى الدوائر والمربعات في شجرة النسب؟,Generations,التواءم,Incorrect
1998,علام تحتوي الخلايا التي يعبر عنها مصطلح الهيولي المتغايرة؟,Hemoglobin,متقدرات سليمة وطافرة,Incorrect
2001,ما هي الطرق التي يمكن من خلالها تمييز الصبغيات بعضها عن بعض؟,Differential staining,النمط الجيني,Incorrect
2006,ما هو التعبير الذي يُستخدم للطاقة الكامنة المختزنة في مدروج للشحنات الكهربائية؟,الEnergie potentielle,بالكمون الكهربائي.,Incorrect
2010,ما الذي تتشكل منه الأرجل الصفائحية؟,Pelvis,الأكتين.,Incorrect
2022,ما هي الرابطة في البنية الثانوية للحمض النووي؟,Hydrogen,هيدروجينية,Correct
2025,ما نوع الجينات التي تعد جينات الرنا الريباسي منها؟,RNA,الخدمية.,Incorrect
2039,ما هو عدد الصبغيات المأشوبة إذا حدث تأشيب في 80 انقسام؟,80,320,Incorrect
2045,ما هي العملية التي يتم بها تكوين متعضية تشبه الأبوين من بيضة مخصبة؟,Fertilization,التنامي الجنيني,Incorrect
2055,على من يظهر الاحلال الوراثي في الوراثة الجنسية المناحية؟,X,على الذكور والإناث من الأبناء,Incorrect
2058,ما هو المجهر الذي يدرس السطح الطبوغرافي؟,Scanning Electron,مجهر القوة الذرية .,Incorrect
2068,ما هي البنى السيتوبلازمية المغلفة بغشاء واحد على الأقل؟,Mitochond,العضبيات,Incorrect
2078,ما هي خصائص شجرة النسب الحاوية على حالة وراثة متعلقة بالمتقدرات والوالدين فيها مصابين؟,Maternal inheritance,الأولاد كلهم مصابون.,Incorrect
2088,ما الذي تختلف به الأحماض الأمينية عن بعضها؟,Ratios,المجموعة الكربوكسيلية,Incorrect
2090,ما الذي يشير إليه المربع الصغير المملوء في شجرة الوراثة؟,Allele,طفل مصاب,Incorrect
2103,ما هو سبب حدوث التلاسيميا بيتا؟,Genetic mutation,خلة جسدية متنحية.,Incorrect
2105,ماذا يؤدي وجود التربتوفان في مشغل التيربتوفان؟,Cytokine,تثبيط انتساخ الجينات,Incorrect
2115,ما الذي تساعد عليه حلقة الأكتين المتقلصة؟,Ca,انقسام النواة,Incorrect
2121,ما الذي يدل عليه المعين في شجرة النسب؟,"مص

ANSWER: م

ANSWER: م",الفرد مات في مرحلة مبكرة,Incorrect
2123,كم عدد الجينات المسؤولة عن الاصطناع الحيوي للحمض الأميني التربتوفان في جينوم بكتيريا E.Coli؟,2,6,Incorrect
2125,ما هي وظيفة حويصلات كوب ٢؟,Transportation,النقل التقدمى من الشبكة البلازمية الى مدخل غولجي فقط .,Incorrect
2138,ما هو معدل الحاملين في مجتمع إذا كان انتشار مرض التالاسيميا معروفاً في ذلك المجتمع؟,1:100,50M,Incorrect
2139,أين تجري عملية التمثيل الضوئي؟,Plastid,الصائعات الخضراء,Incorrect
2154,ماذا يحدث عند انخفاض نسبة الكوليسترول في الغشاء الخلوي؟,Dysfunction,تزداد مرونة الغشاء.,Incorrect
2166,أين يتحد الغشاءان النوويان الداخلي والخارجي؟,Papillary,معقدات الثقوب النووية,Incorrect
2167,كم عدد القواعد الآزوتية اللازمة لإنتاج بروتين الأنسولين المكوّن من 51 حمض أميني إنتاجاً كاملاً؟,6,153,Incorrect
2170,ما هي الترسبات الصباغية التي تحوي بروتين الفيرتين؟,Hemoglobin,حبيبات هيمرسيدرين,Incorrect
2179,ما هو أول عنصر من عناصر الدراسة العلمية المنهجية؟,Observation,الاختبار والنتائج .,Incorrect
2181,ماذا تشير النجمة بعد رمز الجين؟,Allele,لترميز الجينات,Incorrect
2191,ما يُعرف بامتصاص بعض المواد الضوء بطول موجة ومن ثم إصداره بطول موجة أطول؟,Photoreduction,التألق,Incorrect
2200,ما يُدعى نوع وترتيب الأحماض الأمينية في البروتين؟,Sequence,البنية الأولية,Correct
2202,ماذا ينتج عند حدوث خلل في تنظيم السبيل الإشاري WNT؟,Cancer,سرطان أمعاء,Incorrect
2204,ما هي الشعبة التي ينتمي إليها الإنسان؟,Hominidae,الثدييات .,Incorrect
2216,ما هي نتيجة التطور التي تؤدي إلى التكيف؟,Adaptation,الاصطفاء الطبيعي .,Incorrect
2218,أين تكثر جزر CpG؟,Genes,المحضضات.,Incorrect
2222,ما هو الأساس الأزوتي المتمم للتايمين في الرنا؟,Cyt,اليوراسيل,Incorrect
2224,ما هو الموقع الذي يبدأ فيه انتساخ الجينات المرمزة للبروتينات بارتباط انزيم الرنا بوليميراز؟,Transcription,المطلق القريب .,Incorrect
2228,أين تقع الجينات المسؤولة عن الزمر الدموية عند البشر؟,Chromosome 6,الصيغي 9,Incorrect
2232,ما هو الدور الرئيسي في تعرف جسيم التضفير مواقع التضفير؟,Determine the location,snRNPs.,Incorrect
2236,ما هي الصبغيات التي يحدث بينها إزفاء متبادل في حالة ابيضاض الدم النقوي المزمن CML؟,Ph+,9 و 11,Incorrect
2249,ما هو عدد الأنماط الظاهرية المختلفة في الجيل الثاني في حال التفارز المستقل بين المورثتين A و B؟,9,8,Incorrect
2250,ما هو عدد الأنماط الجينية في أعراس فرد متغاير الأليلات AB/ab إذا كان الارتباط بين المورثتين A و B كاملاً؟,4,2,Incorrect
2273,ما نوع الوراثة التي يكون فيها والدا الطفل المصاب حاملين متغايري الألائل عديمين الأمراض؟,Autosomal recessive,الجسدية المتنحية,Correct
2274,ما هو نمط هذا المرض إذا عانى فرد متخالف الألائل من أعراض مرض وكان موضع الجين على الصبغي 5؟,X-linked,صبغي جسدي سائد,Incorrect
2281,ما هو خطر إصابة الطفل بالورم التليفي العصبي في الحمل التالي لأم مصابة أنجبت ذكرًا مصابًا بالمرض علمًا أن زوجها سليم؟,Increased,0.5,Incorrect
2282,ما هو الاحتمال الأول لطراز انتقال هذا المرض الوراثي عندما ينجب أبوان سليمان طفلين (ذكر وأنثى) مصابين بمرض استقلابي بدأت تظاهراته مبكراً؟,Autosomal Dominant,صبغي جسدي سائد,Correct
2285,ما هو القانون الذي ينص على أن زاوية الورود تساوي زاوية الانعكاس؟,Snell,للانعكاس,Incorrect
2289,ما هي الصيغة التي تعطينا التفاصيل الأقل والنسبة الأبسط للذرات الموجودة في الجزيء؟,Molecular Formula,الصيغة التجريبية,Incorrect
2290,ما هو الذي يعطي لأشعة جاما مصدرا آخر للأشعة السينية التي يمكن أن تكون مفيدة وطاقتها قريبة من طاقة أشعة جاما الأصلية بحيث يمكن عدهما أشعة واحدة؟,Compton scattering,التحول الداخلي,Incorrect
2295,ما هو التواتر المناسب للأمواج التي يمكن استخدامها للكشف عن المواد غير المرئية بالنسبة للتواتر 500GHz؟,1.5,الأعلى,Incorrect
2296,ما هو المجال الذي تكون فيه الأمواج تحت الصوتية أصغر منه؟,Aerodynamics,20 Hz,Incorrect
2299,ما هو المقدار الذي يتزايد لدى انتثار فوتون عن الكترون بمفعول كومتون؟,ΔE,طوله الموجي,Incorrect
2305,ما الذي يعبر عن شدة الموجة الصوتية؟,Intensity,بالواط على المتر المربع .,Incorrect
2306,ما هي خصائص الأشعة السينية؟,X-ray,اشعاعات كهرطيسية وبأطوال موجية أقصر بكثير منها في حالة الضوء المرئي.,Incorrect
2309,ما هي القوة التي تحدث تشوهاً في الجسم وتكون مطبقة على وحدة السطح؟,Tension,الاجهاد,Incorrect
2311,ماذا تعتبر درجة حرارة النواة والغلاف في جسم الإنسان؟,Normal,ثابتة - متغيرة,Incorrect
2312,ما هو ثابت التناسب بين تدرج السرعة؟,G,معامل لزوجه المائع,Incorrect
2319,ما هو الناتج عندما تتفاعل الألدهيدات مع NaBH5؟,Alkane,أغوال أولية,Incorrect
2320,ما هي الطريقة التي يجري بها التبادل الحراري بين الجسم والوسط المحيط؟,Convection,الأوعية الدموية,Incorrect
2322,ما هو المعيار الذي يستخدمه العلماء لحساب الكتل الذرية النسبية؟,Mass of a sample,نظير الكربون 12,Incorrect
2324,ما هي الوحدة التي يقاس بها الضغط في إطار السيارة في الولايات المتحدة؟,PSI,الباوند لكل موجه مربعه,Correct
2325,ما هو القانون الذي ينص على أن تغير الحقل المغنطيسي يولد حقلا كهربائيا؟,Faraday,فارادي,Correct
2328,ما هو وصف جريان المائع المستقر من ناحية سرعته في أي نقطة منه مع الزمن؟,Constant,ثابتة .,Correct
2332,ما هي المادة التي تتخذ شكل أسفل الوعاء الذي يحتويها ولها حجم خاص بها؟,Plasma,سائلة,Incorrect
2338,ما تسمى القوى عندما يكون عمر الحالة المثارة طويلا؟,Steady,شبه مستقرة,Incorrect
2340,ما هو الذي يعطى لأشعة غاما مصدراً آخر للأشعة السينية التي يمكن أن تكون مفيدة وطاقتها قريبة من طاقة أشعة غاما الأصلية بحيث يمكن الحصول على أشعة واحدة؟,Compton scattering,التحول الداخلي,Incorrect
2341,ما نوع الكثافة التي تعتبر منها العظام ومستحضرات التباين العائمة مثل اليود والباريوم؟,Dense,الكلسية.,Incorrect
2342,ما هي طبيعة الأشعة السينية؟,X-ray,اشعاعات كهر طيسية,Incorrect
2346,ما هو مجموع الكتل الذرية النسبية في مركب أيوني؟,Neutral,الكتلة الصيغية النسبية,Incorrect
2347,أين يقع مجال التيراهرتز؟,الradiation,الأشعة تحت الحمراء والأمواج المكروية .,Incorrect
2349,لماذا يُستخدم الماء في درجة معينة كمادة مرجعية للوزن النوعي؟,Densité,قيمتها العظمى,Incorrect
2352,ما هي مكونات صمام الأشعة السينية؟,X-ray,المسدد,Incorrect
2361,ما الذي تتعلق به الطاقة التي يصدرها الجسم الأسود وفقاً لدراسة تغير تابع إشعاع الجسم الأسود؟,Stefan-Boltz,درجة حرارته المطلقة,Incorrect
2363,ما هي قوة اللزوجة بالنسبة لاتجاه جريان المائع؟,Viscosity,تعاكسه .,Incorrect
2364,ما هي الطاقة التي يمكن بها تفكيك رابطة في خلايا النسج؟,Energy from ATP,فوتون أشعة سينينة.,Incorrect
2369,ما يجب أن يكون عليه ضغط الهواء داخل القاعة في حالة الثوران بالنسبة لضغط الماء خارجها حيث تتوازن قوة الضغط نحو الخارج مع قوة التوتر السطحي نحو الداخل؟,1 atm,اکبر,Incorrect
2372,ما هو المجال الموجي لأشعة UVC؟,Ultraviolet,100-280nm,Incorrect
2373,ما هي طبيعة الارتباط بين قرينة الانكسار لوسط مادي معين وسرعة الأمواج في ذلك الوسط؟,Directly Proportional,عكسيا - سرعة,Incorrect
2381,ما هي الخاصية التي يميزها التواتر والطول الموجي؟,Frequency,الموجة,Incorrect
2384,ما هي الطاقة التي تحملها الموجة في وحدة الزمن؟,Power,استطاعة الموجة الضوئية,Correct
2387,ما هي قابلية العين التي تسمح بالمطابقة لكل أبعاد الجسم عن العين مع الاستمرار بتشكيل خيال على بعد ثابت من العدسة يتحدد بالفاصل بين العدسة والشبكية؟,Accommodation,تعديل شكل العدسة,Correct
2388,كيف يؤثر الضغط على توازن التفاعلات التي تكون متفاعلاتها ومنتجاتها؟,Le Chatelier,غازات,Incorrect
2389,ما هو التواتر في حالة الأمواج الصوتية؟,1000,عدد الإنضغاطات الاي تمر في نقطة معينة في الثانية,Incorrect
2391,ما هو شكل الطاقة التي تصدرها أجسامنا حتى في درجات الحرارة العادية؟,إشك,إشعاع كهرطيسي,Incorrect
2400,ما هي التحولات التي تحافظ على العدد الكتلي؟,Transpositions,الايزوبارية,Incorrect
2410,ما هو القانون الذي يربط بين معدل الجريان الحجمي في وعاء دموي من جهة وفارق الضغط بين طرفي الوعاء ونصف قطره الداخلي وطوله ولزوجة الدم؟,Hagen-Poiseuille,قانون بورواري,Correct
2412,ما نوع الجريان عندما تكون سرعة المائع في أي نقطة منه ثابتة مع مرور الزمن؟,Steady,مستقر,Correct
2413,ما هي آلية انتقال الحرارة في الموائع؟,Convection,الحمل,Correct
2417,ما هي صفات الخيال في المصورات ذات الثقب؟,Dissociation,خیال حقيقي مقلوب.,Incorrect
2419,ما هي العلاقة التناسبية لقرينة الانكسار لأي وسط معين؟,Doppler,عكسيا مع سرعة الأمواج في ذلك الوسط,Incorrect
2422,ما هي الأشعة التي حققت حلم الإنسان القديم في رؤية داخل الجسم من دون بضع؟,X-rays,الاشعة السينية,Correct
2427,ما هو المركب الذي يتشكل من تفاعل حمض الآزوت المركز بوجود حمض الكبريت المركز مع نترو البنزين؟,Nitrobenzene,ميتا ثنائي نترو البنزن,Incorrect
2429,ما هي التبادلات التي تجري بين الجسم الصلب والمانع المتحرك الذي يختلف عنه في درجة الحرارة؟,Conduction,الحمل,Incorrect
2430,ما هي وظيفة الحقل الكهربائي في الأفران الكروية؟,مagnetization,يجعل جزيئات الماء تقوم بحركة دورانية,Incorrect
2435,ما هي طبيعة الإشعاعات الكهرومغناطيسية؟,Electromagnetic,مثنوية .,Incorrect
2438,ما هو التفاعل الذي تخضع له هالوجينات الألكانات بالقلويات؟,Alkyl substitution,استبدال نكليوفيلي,Correct
2443,ما هي استخدامات الليزر الصباغي؟,الTreatment,معالجة الوحمات الوعائية .,Incorrect
2462,ماذا تصدر النظائر المشعة في التصوير بالأصدر البوزتروني؟,Gamma,بوزترونات,Incorrect
2473,ما هي الأشعة التي ساهمت في تقدم علم البلورات؟,X-rays,X-RAY,Correct
2482,ما الذي يتم التحكم في ارتفاع النهاية المدببة للحفاظ عليه عندما نمسح سطح المعدن في مجهر STM؟,Tension,ثبات التيار النفقي,Incorrect
2483,ما هو معدل الإشعاع من سطح إلى معدل الإشعاع من مساحة مساوية من سطح مشع مثالي في درجة الحرارة نفسها؟,Stefan's Law,الإصدارية,Incorrect
2485,ما هي الجزئيات التي يمكن الاستفادة من تفاعلها في التصوير؟,Tc,فوتونات الفلورة السينية .,Incorrect
2501,ما هو الوسط الذي تكون فيه كثافة الأيونات الموجبة والسالبة أكبر من كثافة الأيونات المعتدلة؟,Plasma,بلازما,Correct
2503,ما هو الإجراء المستخدم للاطمئنان على صحة الجنين عند المرأة الحامل؟,US,الإيكو غرافي .,Correct
2505,ما يُدعى الضغط الذي يسببه عمود من الزئبق ارتفاعه 1 مم؟,mmHg,التور .,Incorrect
2543,ما هي الظاهرة التي تنقسم فيها نواة ذات عدد كتلي كبير إلى نواتين أو أكثر لكل منهما عدد كتلي متوسط؟,Fission,ظاهرة الإنشطار النووي,Correct
2555,ما هو مجال الأشعة الذي يشع فيه جسم الإنسان بشكل قريب جداً من إشعاع الجسم الأسود؟,Infrared,تحت الحمراء,Correct
2557,ما هي الأشعة التي اشتهرت بانتزاع جزيئات الماء لدى تفاعلها مع النسج؟,X-rays,الأشعة تحت الحمراء.,Incorrect
2563,ما هي الظاهرة التي تنقسم فيها نواة ذات عدد كتلي كبير إلى نواتين أو أكثر لكل منهما عدد كتلي متوسط؟,Fission,ظاهرة الانشطار النووي.,Correct
2575,ما هي طريقة العلاج الفيزيائي التي تستعمل فيها تيارات كهربائية عالية التردد لإحداث الحرارة في الأنسجة العميقة؟,Therapeutic Ultrasound,تسخين موضعي في الانسجة الحية,Incorrect
2577,كيف تتولد الأشعة السينية؟,Electron collision,تسرع الالكترونات بكمون مرتفع في أنبوب الفراغ ويسمح لها بالسقوط على سطح داخل الانبوب .,Incorrect
2579,ما هو الأساس الذي تترتب وفقه العناصر في الجدول الدوري حالياً؟,Electrochemical,إعدادها الذرية,Incorrect
2590,ما هو الشرط الذي يجب أن تحققه النقطتان لتطبيق معادلة برنولي على جريان أي مائع مثالي؟,Steady,خط الانحناء نفسه,Incorrect
2601,ما هي الأمواج التي تستخدم في تفتيت الحصى؟,Shockwave,الأمواج فوق الصوتية,Incorrect
2611,ما هو المجهر الذي يمسح العينة نقطة فنقطة ولكنه يكشف عن الالكترونات النافذة؟,Scanning Electron,STEM,Incorrect
2615,من أين تشتق قوة المقاومة من اللزوجة عندما تكون السرعة النسبية بين الجسم والمائع كافية لأن يكون الجريان حول الجسم رقائقياً؟,Viscosity,منخفضة,Incorrect
2620,ما هي الرابطة التي تبقى صلبة دائماً؟,Pigment,الأيونية,Incorrect
2636,كم عدد العدسات في مجهر SEM؟,2,اثنتان,Correct
2637,ما هي الحالة التي تتولد فيها الأمواج الصادمة بالنسبة لسرعة منبع الأمواج الصوتية؟,Cavitation,تتجاوز سرعة الموجة الصوتية .,Incorrect
2641,ما هو العدد النيوكلوني في نواة ذرة ما؟,A-1,مجموع البروتونات والنترونات,Incorrect
2645,ما هو سبب تخامد الأشعة السينية في الجسم المدروس؟,Radiation,امتصاص الجسم لها,Incorrect
2648,ما يُستخدم لقياس درجة التشوه؟,Dental Impress,انفعال,Incorrect
2653,ما هي الوحدة التي يقيسها الروتنجن؟,Radiation,التعرض للإشعاع .,Correct
2661,ما تتألف منه الحلقة البنزنية؟,Cervical vertebra,ستة كربونات,Incorrect
2670,ماذا يشير انزياح الضوء من المجرات البعيدة نحو الترددات الأخفض؟,Expansion,ابتعاد المجرات عنا,Correct
2674,ما هي الوحدة التي يقيسها الرونتجن؟,Röntgen,التعرض للإشعاع.,Incorrect
2687,ما هي النظائر؟,Nuclear Isotopes,لها نفس عدد البروتونات وتختلف بعدد النترونات,Incorrect
2702,ما هي زاوية الورود التي يكون الضوء المنعكس عندها مستقطبا كليا؟,Brewster,زاوية بروستو,Correct
2719,كيف يمكن توليد الأمواج فوق الصوتية؟,Electromagnetic,بلورات كهر ضغطية,Incorrect
2731,أين تشكل العين مديدة البصر (العين الطامسة) خيال الجسم القريب؟,Brain,وراء الشبكية.,Incorrect
2734,ما هو الاضطراب الذي يمثل هذه الحالة؟,Anxiety,الحدية للجريان المستقر,Incorrect
2740,متى يأخذ احتمال وجود الالكترون قيمة عظمى في الحالة الأساسية في ذرة هيدروجين؟,When the energy is zero,بعده عن النواة أصغر من نصف قطر بور,Incorrect
2741,ما ينص عليه قانون الانعكاس الأول؟,Reflection of light,زاوية الورود تساوي زاوية الانعكاس.,Incorrect
2742,ما هو الانفعال في حالة التشوه التحددي أو الانضغاطي؟,Elastic,التغير النسبي في الطول زيادة أو نقصانا,Incorrect
2750,ما هو وزن الحجم المنغمس من الجسم عندما يكون الجسم مغموساً وليس مغموراً كلياً نتيجة كون كثافة المائع أكبر من كثافة الجسم؟,Buoyancy,وزن الجسم,Incorrect
2769,ما اسم الجهاز الذي يصور مقاطع في الجسم البشري بالأشعة السينية والاستعانة بالحاسب؟,X-ray,الماسح .,Incorrect
2774,ما هو العنصر الأكثر استخداماً في التصوير بالتجاوب المغناطيسي؟,Gadolin,الهيدروجين,Incorrect
2779,ما هو سبب تخامد الأشعة السينية في الجسم المدروس؟,Radiation,امتصاص الجسم لها,Incorrect
2792,ما هي الخطوة الأولى في التفاعلات؟,Receptor,المبادرة,Incorrect
2800,ماذا يزداد عندما ترتد الفوتونات التي تعبر الثقب في الحجرة عن الجدران مرات عديدة قبل أن تغادر؟,Intensity,احتمال امتصاتصها,Incorrect
2805,كيف تعمل الحزم الإلكترونية على معالجة الأورام؟,Radiation,القريبة من الجلد,Incorrect
2806,ما هو السبب وراء تكرار الطراز (الدورية في الجدول الدوري) الناجم عن ترتيب العناصر؟,Electron configuration,ازدياد أعدادها البروتونية,Incorrect
2810,ما هو المركب الذي يتشكل عند أكسدة الكيلات البنزن (مثل ميتيل البنزن) ببرمنغنات البوتاسيوم (VII) القلوية أو بأي مؤكسد قوي آخر؟,Benzene,حمض البنزويك,Incorrect
2822,ما هي النوى التي لها عدد N ثابت حيث تحوي العدد نفسه من النترونات؟,Nucleus,ايزوتونات,Incorrect
2823,ماذا يحدث إذا كانت الحقول الكهربائية لمنبع الأمواج الكهرطيسية لها اتجاهات عشوائية عند انتشاره؟,Diffraction,غير مستقطب,Incorrect
2830,ما هو التفاعل الذي تخضع له الألكانات مع الهالوجينات في ضوء الشمس؟,Reactions of Alkane,استبدال,Incorrect
2854,ما هو الشيء الذي تهتز حوله الذرتان في الجزيء ثنائي الذرة؟,Bond,مركز كتلتيهما,Incorrect
2855,ما هي البنية لأكسيد المغنزيوم؟,MgO,ايونية عملاقة,Incorrect
2868,ماذا يزداد عندما ترتد الفوتونات التي تعبر الثقب في الحجرة عن الجدران مرات عديدة قبل أن تغادر؟,Intensity,احتمال امتصاتصها,Incorrect
2877,ما هي وحدة قياس الجرعة المكافئة للإشعاع؟,Sievert,بالسفرت .,Correct
2883,ما هي طريقة التصوير التي يمكن اعتبارها الأقل ضرراً على الجسم؟,MRI,التصوير الحراري.,Incorrect
2891,ما هي أعمار النصف للنظائر المشعة المستخدمة في تقنية الـ PET؟,10-20,قصيرة نسبيا,Incorrect
2898,ما هي المماكبات (الإيزوميرات)؟,Isomers,تختلف في طاقتها الداخلية فقط .,Incorrect
2913,ما هو القانون الذي تمثل معادلة برنولي المطبقة على جريان المائع أحد أشكال انحفاظه؟,Conservation,الطاقة .,Incorrect
2926,ماذا يستخدم قانون ستوكس لقياسه؟,Doppler,مقاومة اللزوجة .,Incorrect
2949,ما هو العلم الذي يقوم بحساب البعد بين الذرات عند معرفة الطول الموجي للأشعة السينية وقياس الزاوية؟,X-ray crystallography,علم البلورات,Correct
2975,ما هي الأوساط التي تنتشر فيها الأمواج العرضانية؟,Aerolysis,الجسم الصلب,Incorrect
2981,ما هي الخصائص التي تتمتع بها حزمة الفوتونات من أشعة X عالية الطاقة والتي تجعلها تستخدم في الطب النووي عند المعالجة عن بعد؟,High energy,قدرة اختراق عالية تسمح بتدمير الأورام السطحية والعميقة .,Incorrect
2986,ما هو القانون الذي ينص على أن تشوه مادة يتناسب طرديا مع القوى التي تحدث التشوه؟,Hooke's Law,قانون هوك,Correct
2987,علام نعتمد لتفسير لثنائية الإصدار في طيف بخار الصوديوم؟,Doppler,النظرية الذرية,Incorrect
2989,ما هي المعادلة التي تعبر عن انخفاض الطاقة في الموائع؟,ΔE = ΔQ - ΔW,معادلة بيرنولي,Incorrect
3001,متى يحدث تفاعل اشعاع الليزر مع النسج؟,Ablation,تمتصه النسج .,Incorrect
3003,ما هي البنية التي تأخذها الشبكات الأيونية لكلوريد الصوديوم وأكسيد المغنزيوم؟,Dendritic,مكعبية,Incorrect
3013,ما هو العمل الذي يقوم به المائع على المائع الذي يتقدمه في وحدة الجريان؟,Work,الضغط,Incorrect
3024,ما هي الكمية الوسطية للأوزون في الغلاف الجوي؟,0.3,300 DU,Incorrect
3027,ما هو النكليد الإشعاعي المماكب الذي يشيع استخدامه في التشخيص الطبي؟,Technetium,التكنسيوم - 99,Correct
3041,كيف يتغير نصف القطر الذري عبر الدور الثالث من اليسار إلى اليمين؟,Increase,يتناقص,Incorrect
3054,إذا كان الإشعاع وحيد الطول الموجي فمن أي نوع من الفوتونات يكون مؤلفاً؟,Monochromatic,المتساوية الطاقات,Incorrect
3056,ما هي الأمواج الميكانيكية التي تنشأ عن الوحدات المحركة في الألياف ولا تدركها الأذن؟,Vibrations,الأمواج تحت الصوتية,Incorrect
3064,ما هو مصدر العنصر المشع الذي يعطى للمريض عند استخدام تقنية التصوير SPECT؟,Technetium,لأشعة غاما .,Incorrect
3065,ما نوع الصورة التي نحصل عليها في التصوير الومضاني للجزء المصور من جسم المريض؟,X-ray,ثنائية البعد .,Incorrect
3066,إذا تضيق قطر الشريان إلى ثلث قيمته الأصلية عند مريض مصاب بمرض وعائي وقلبي وبقي هبوط الضغط فيه على حاله، إلى كم ينخفض معدل جريان الدم؟,50,81/1 من قيمته الأصلية .,Incorrect
3096,ما هي السكريات التي لا تحتاج أثناء امتصاصها من الأمعاء الدقيقة لوجود الصوديوم؟,Glucose,الفركتوز.,Incorrect
3099,ما هو الأنزيم المعوي الذي يحول مولد التربسين إلى تربسين؟,Trypsin,الإنتيروكيناز.,Incorrect
3100,ما هو العامل الهرموني الذي يحرض إفراز عصارة بنكرياسية غنية بالإنزيمات الهاضمة؟,Insulin,الكوليسيستوكينين CCK,Incorrect
3101,ما هو الإنزيم الذي يفكك سكر اللبن (اللاكتوز) إلى غلوكوز وغالاكتوز؟,Lactase,اللاكتاز.,Correct
3109,ما هو مستودع الصفراء خارج أوقات الهضم والذي يعمل على تكثيفها؟,Liver,المرارة.,Incorrect
3115,ما هي الشوارد التي يكون تركيزها أقل في اللعاب منه في البلازما؟,Na,صوديوم وكلور.,Incorrect
3117,ما هو الهرمون الذي يحفز إفراز عصارة بنكرياسية غنية بالأنزيمات الهاضمة؟,Insulin,الكوليسيستوكينين CCK,Incorrect
3118,ما هو السكر الذي لا يحتاج للصوديوم من أجل عملية امتصاصه؟,Glucose,الفركتوز.,Incorrect
3120,ما هو الناقل العصبي الذي يتحرر من العصبونات بعد العقدة في القسم الودي؟,Neurotransmitter,النورابينفرين أو الأستيل كولين.,Incorrect
3121,ما الذي يحدد نمط استجابة العضو المعصب بواسطة الجهاز العصبي المستقل (استثارة أو تثبيط)؟,Neurotransmitter,نمط المستقبلات الموجودة في العضو.,Incorrect
3127,ما هو الناقل الكيميائي الذي تحرره جميع العصبونات قبل العقدة؟,Neurotransmitter,الأستيل كولين.,Incorrect
3130,ما هو الناقل العصبي الذي يتحرر من طرفيات جميع الألياف اللاودية بعد العقدية؟,Achetylcholine,أستيل كولين.,Correct
3140,ما هي الميزة التي تتمتع بها قنوات IF في النسيج العقدي القلبي التي تمكنها من توليد التنبيه عفوياً؟,Purkin's effect,عندما تنفتح يتجاوز التيار الداخل من الصوديوم التيار الخارج من البوتاسيوم,Incorrect
3141,ما هي الفائدة الوظيفية من التأخير الزمني في كمون الفعل لمدة 0.1 ثانية عند مروره في العقدة الأذينية البطينية؟,Prolonged action,إنهاء تقلص الأذينات قبل بدء تقلص البطينات.,Incorrect
3147,ماذا يحدث للبطينات في حال توقف العقدة الجيبية الأذينية عن العمل؟,Atrial fibrillation,تتباطأ انقباضاتها,Incorrect
3149,ما هو سبب ظهور طور الهضبة في كامن فعل العضلة القلبية؟,Atrial contraction,دخول شوارد الكالسيوم.,Incorrect
3152,ما هو سبب طور الهضبة في كمون عمل الليف العضلي القلبي؟,Keratin,الكالسيوم.,Incorrect
3175,ما هي المناطق التي تطبق عليها المعالجة الإشعاعية في علاج أورام الخصية من النمط المنوي؟,Papillary,سلسلة العقد اللمفاوية الحرقفية والأبهرية,Incorrect
3180,ما هي الأورام التي لا تعتبر المعالجة الشعاعية معالجة شافية لها إذا استخدمت لوحدها في المراحل المبكرة؟,Cancer,الثدي,Incorrect
3186,ما هي الجرعة الكلية الموصى بها في حال تقرر إجراء تشعيع وقائي للقحف بجرعة ٢ غري في كل جلسة؟,20 Gy,٣٠ غري,Incorrect
3187,ما هو الزمن الأقل الفاصل بين كل جلستين عند إجراء المعالجة الشعاعية بطريق التجزئة المفرطة؟,2 weeks,٦ ساعات,Incorrect
3191,ما الذي يحول مولد الببسين إلى ببسين؟,HCl,حمض كلور الماء الموجود في المعدة.,Correct
3202,ما هو سبب حدوث عمى ربعي علوي أيمن مماثل؟,Cranial nerve damage,الفصل الصدغي,Incorrect
3207,ما هي المدة الزمنية التي يتطور خلالها الصداع المزمن؟,Dysmenia,4أسابيع,Incorrect
3209,ما هو نوع الصداع غير النابض ثنائي الجانب الذي قد يرتبط بتشنج عضلات الرقبة؟,Migraine,صداع التوتر,Incorrect
3284,أين يحدث التكيس للجيارديا اللمبلية؟,Cystic formation,أثناء التغوط,Incorrect
3288,ما هي الذبابة ذهبية العيون Chrysop ثوي ناقل له؟,Disease,اللوا لوا,Incorrect
3293,ما هي الفترة الزمنية الذي تظهر فيها إيجابية اختبار سابين فيلدمان بعد العدوى به؟,2-4 weeks,1-2 أسبوع,Incorrect
3315,ما الذي تنتهي به المرحلة الخارج خلوية للمتصورات؟,Cytokine,الأقاسيم المتحركة,Incorrect
3335,أين تتكاثر خبيطيات الفخرية البنكروفتية؟,Pancreas,الأوعية اللمفاوية للانسان,Incorrect
3336,ما هو المرض الذي يستخدم عقار melarsporol في علاجه؟,Leish,المثقبية الغامبية,Incorrect
3338,ما هو الخمج الطفيلي الذي يمكن أن ينتقل من شخص لآخر؟,Parasitosis,المرمية الدودية,Incorrect
3341,ما هي أفضل أماكن الخزع التشخيصية القندية في جسم الإنسان؟,Bone marrow,الطحال,Incorrect
3365,ما هو المسبب لداء هجرة اليرقات الجلدي؟,Anopheles,الديدان القوسية,Incorrect
3371,ما هو العلاج المناسب للمتحولة العصبية naegleria fowleri؟,Amphotericin,الأمفوتريسين,Correct
3386,أين تتوضع يرقات الأسطوانية الوعائية عند الإنسان؟,Pulmonary,الجهاز العصبي المركزي,Incorrect
3408,ما هو الشكل المعدي للإنسان من متفرعة الخصية الصينية؟,Cystic,خليفة المذنبة,Incorrect
3410,أين تتوضع الأسطوانية البرازية عند الإنسان؟,Colon,الجزء الأمامي من الصائم,Incorrect
3472,ما هو العصب الذي يصاب في متلازمة قاع الحجاج؟,V,العصب الفكي العلوي,Incorrect
3499,ما هو تعريف الحول المتقارب؟,Dysphoria,يتلاقي فيها محورا الرؤية في نقطة تقع أمام الجسم المنظور,Incorrect
3514,ما هي أسباب حدوث فيض الدمع Epiphora؟,Dysfunction of tear drainage,نقص في التصريف,Correct
3527,أين تقع حفيرة البكرة في الجدار العلوي للحجاج؟,Sphenoid,الأمامي الأنسي,Incorrect
3542,ما هي النسبة التي تشكلها القرنية من سطح غلاف كرة العين الليفي؟,0.5,السدس الأمامي,Incorrect
3554,ما هو أكثر تنكسات القرنية شيوعاً؟,Cataract,القوس الشيخية,Incorrect
3580,ما هي الحالات التي تشاهد فيها الرؤية المزدوجة الأحادية الجانب؟,Diplopia,تحت خلع العدسة,Incorrect
3601,ما هو المرض الذي يشاهد فيه حلقة كاي زر- فليشر عند المرضى؟,SLE,داء ويلسون,Incorrect
3607,ما الذي يجب فعله في الحالات المعندة وغير المستجيبة للعلاج في الورم الكاذب للحجاج؟,Biopsy,يجب اخذ خزعة من الورم,Correct
3609,ما هي النتائج التي تؤدي إليها إصابة الشعبة العينية من العصب الخامس في متلازمة الشق الحجاجي العلوي؟,Nerve damage,فقد حس الملتحمة والقرنية,Incorrect
3620,ما هو التشخيص الأقرب لمريض عمره 65 سنة لديه فقد رؤية في النصف العلوي من الساحة البصرية مع بدء مفاجئ؟,Stroke,التهاب العصب البصري الاقفاري,Incorrect
3667,ما الذي يدل عليه ظهور تقبب على شكل حويصل أسود في قعر القرحة القرنية الجرثومية؟,Candida,تقبب غشاء ديسميه وخطر انثقابه,Incorrect
3680,ما هي الطريقة التالية لتقدير حدة البصر لدى المريض إذا لم يتمكن من قراءة أكبر أحرف اللوحة؟,Snellen,بعد أصابع الفاحص,Incorrect
3683,ما الذي يشكو منه المريض في الحول الشللي عند البالغين؟,Pain,رؤية مزدوجة,Incorrect
3700,متى ينعدم يوروبيلينوجين البول؟,After 24 hours,اليرقان الانسدادي,Incorrect
3702,في الاحتباس الصفراوي ما هو الانزيم الأفضل للوصول للتشخيص؟,Gamma,ALT,Incorrect
3713,ما هي نتيجة رحلان البروتينات في الالتهابات الحادة؟,Cytokine,ترتفع الموجة a_2غلوبيولين وترتفع الموجة a_1غلوبيولين,Incorrect
3720,ما هو المركب الذي يتم اصطناعه بدءا من الحموض الأمينية؟,Protein,أمونيا,Incorrect
3730,ما هي أعراض فقر الدم بعوز الحديد عند المريض؟,Fatigue,الشحوب,Incorrect
3731,ما هي الحالة التي تعاني منها مريضة عمرها 44 سنة تشكو من تعب عام وكانت قيمة البولة الدموية 140 ملغ/دل وقيمة الكرياتنين 6 ملغ/دل وحمض البول 4 ملغ/دل؟,Nephritis,اليوريميا,Incorrect
3733,ما هو سبب تشمع الكبد عند مريض عمره 12 سنة؟,Hepatitis,داء ويلسون,Incorrect
3734,ما هو الاحتمال الأكثر ترجيحاً لسبب تشمع الكبد عند مريض عمره 12 سنة؟,Hepatitis,داء ويلسون,Incorrect
3736,ما هو تصنيف مريض عنده الغلوكوز 210 ملغ / دل؟,Diabetes,مريض سكري,Correct
3737,ما هو تصنيف مريض تم تحليل الغلوكوز الصيامي له فكانت النتيجة 128 ملغ/دل؟,Pre-diabetes,مريض سكري,Incorrect
3738,ما هو المركب الذي يعتبر ايتلين ديامين تترا استات مركباً لاقطاً له؟,Cytosine,الكالسيوم,Incorrect
3739,ما هو المركب الذي يستخدم في تدبير حمى البحر الأبيض المتوسط؟,Doxycycline,الكولشيمين,Incorrect
3742,ما هو النمط التحسسي الذي يعود إليه داء الفقاع المحرض دوائياً؟,Dermatitis,الثاني.,Incorrect
3743,ما هي آلية تأثير المركب دابيريدامول؟,Inhibition of prostaglandin,تثبيط PDE,Incorrect
3774,"ما هي جرعة الدواء عند طفل وزنه 17,5 كغ إذا كانت جرعة البالغ 100 ملغ؟",7,25 ملغ.,Incorrect
3792,ما هو معدل التصفية الكلوية للكرياتينين عند رجل عمره 40 سنة ومستوى كرياتينين الدم 1 ملغ/دل ووزنه 72 كغ؟,1.5,100,Incorrect
3804,ما هي الخلايا التي تقوم بإفراز بروتين برفورين الذي يفتح ثقوب في غشاء الخلية الهدف؟,T cells,الخلايا القاتلة.,Incorrect
3807,كيف يتأثر الغاز كلما زاد وزنه الجزيئي؟,Dissolves,انخفض معدل الانتشار.,Incorrect
3809,ما هو المبدأ الأساسي للتشتت؟,Doppler,الانتشار,Incorrect
3810,ما هو العامل الذي يسرع العامل السابع تشكله؟,Cytokine,الثالث,Incorrect
3813,ما هو السائل الموجود داخل الخلايا؟,Cytoplasm,السيتوبلازما.,Correct
3816,ما هي مقدرة شخص على إدراك منبهين لمسيين مطبقين على منطقة من سطح الجسم على أنهما منفصلان؟,Tactile Discrimination,تمييز حس النقطتين,Incorrect
3817,ما هو سبب عدم قدرة ألياف الجهاز العصبي المركزي على التجدد؟,Neuroplasticity,غياب غمد شوان,Incorrect
3820,ما هو المجال الذي تكون فيه النسخ السيتولوجية شفافة نسبياً؟,Differential,تحت الأحمر القريب,Incorrect
3823,ما هو العامل الرئيسي الذي يحدد ارتباط الأكسجين بخضاب الدم؟,pO2,الضغط الجزئي للأوكسجين في الدم PO2.,Correct
3828,ما الذي يؤدي إليه العامل ٣ مع الكالسيوم؟,Hypercalcemia,تلقيم راجع إيجابي للثرومبين.,Incorrect
3831,متى يزداد الانحلال في التلاسيميا؟,During pregnancy,التعرض للشدة والحمى.,Incorrect
3832,ما هو الفيتامين الأساسي في عملية تشكيل عوامل التخثر؟,Vitamin K,K,Correct
3838,ما هو المستوى من الفيزيولوجيا الذي تنتمي إليه دراسة آلية وتوليد ونقل كوامن الفعل في القلب؟,Physiology,النسيجي,Incorrect
3839,أين توجد المستقبلات النيكوتينية؟,Nervus ganglion,العقدة الجيبية الأذينية في القلب,Incorrect
3848,ما الذي تعتمد عليه سرعة انتشار الأوكسجين عبر غشاء الخلية؟,Diffusion,مقدار ذوبانه في الشحوم,Incorrect
3852,ماذا يحدث عندما يصل التيروكسين إلى المستوى الدوراني المطلوب؟,Metabolism,تتوقف الغدة النخامية عن افراز THS,Incorrect
3853,ما هي الوظيفة الرئيسية للعقدة الأذينية البطينية في الحالات السوية؟,Regulation,توليد إشارات تجعلها ناظمة للقلب,Incorrect
3855,ما هي العوامل التي تحرض إفراز عصارة بنكرياسية غنية بالإنزيمات؟,Hormonal regulation,الأستيل كولين والكوليسيستوكينين,Incorrect
3857,أين يتم إعادة امتصاص القسم الأعظم من الماء المرتشح؟,Kidneys,النبيبات الدانية,Incorrect
3861,ما هو سبب الصوت الأول للقلب؟,Aortic,انغلاق الصمامات الأذينية البطينية,Incorrect
3866,ما هي الخلايا التي تمتلك أسرع معدل لزوال الاستقطاب؟,Neurons,العقدة الجيبية الأذينية.,Incorrect
3868,ما هو الذي وظيفته تسريع عملية تشكل الترومبوبلاستين الصفيحي؟,Thromboxane,العامل السابع,Incorrect
3869,ما الذي يعمل على تسهيل الانتقال بين الشهيق والزفير؟,Cervical nerve,مركز التنفس الجسري,Incorrect
3871,ما الذي يزداد في الأسناخ الرئوية؟,Pulmonary blood,بتضيق فوهة القصيبات,Incorrect
3872,ما يعرف بالموجهة الجسدية؟,Sensory cortex,هرمون النمو,Incorrect
3874,ما هي العقدة الرأسية للجهاز العصبي المستقل؟,Ganglion,الوطاء,Incorrect
3876,ما هي المحطة الرئيسية الدماغية التي تتكامل فيها وظائف الجهاز العصبي المستقل مع وظائف البنى العصبية الأخرى؟,Hypothalam,الوطاء,Correct
3880,ما هو الناقل العصبي المحرر من طرفيات الألياف بعد العقدية في القسم الودي؟,Sympathetic nerve,الاستيل كولين أو النور أدرينالين,Incorrect
3891,ما هو الدور المهم الذي تؤديه خلايا سيرتولي في الخصية؟,Sperm production,تغذية النطاف,Incorrect
3897,ما هو الذي يروي النسيج الضام للرئة؟,Pneumocytes,الفروع القصبية للأبهر.,Incorrect
3902,ما هي البوابات التي تتحكم بنفوذية القنوات للشوارد التي تسهم في تشكيل كامن الفعل؟,Purkin's glands,القنوات المبوبة بالفولطاج,Incorrect
3909,ما هي أجهزة التحكم والضبط والمراقبة في الجسم؟,Systema nervus,العصبى الصماوى,Incorrect
3914,ما هي المواد التي تحررها نهايات المحاوير العصبية في المشابك والموصلات المشبكية؟,Neurotransmitters,النواقل عصبية,Correct
3916,ماذا ينقل الترانسفيرين؟,Iron,الحديدي,Correct
3918,ما هو الإحساس الذي يمكن أن يُدرك كلياً في المهاد؟,Tact,حس الألم,Incorrect
3919,أين توجد المستقبلات المسكارينية؟,Nervus gang,الخلايا المستجيبة للتنبيه بالعصبونات الكولينية الفعل بعد العقدية,Incorrect
3930,ما هي الزمرة الدموية إذا كانت الكرية الحمراء لا تحوي مولد ارتصاص؟,AB,O,Incorrect
3935,ما هو ناظم القلب؟,Atrium,العقدة الجيبية.,Incorrect
3941,ما الذي يشكله الجهاز الانزيمي في الخلايا البطانية السليمة اعتباراً من حمض الاراشيدونيك؟,Prostagland,الترومبوكسان A2,Incorrect
3948,ما الذي تتناسب معه سرعة النقل في الألياف العصبية اللانخاعينية؟,Cerebral,الجذر التربيعي ل قطر الليف,Incorrect
3958,أين تقع أجسام عصبونات المرتبة الثانية للإحساسات المنقولة بمسلك العمود الظهري؟,Cerebellum,المهاد,Incorrect
3960,ما هي العوامل التي تتناسب معها سرعة الانتشار البسيط؟,Diameter,طردا مع مدروج تركيز المادة المنتشرة,Incorrect
3962,ما هي آلية تحرر شوارد الكالسيوم من الشبكة الهيولية في العضلات الهيكلية؟,Ca-ATPase,الانتشار,Incorrect
3964,ما الذي يؤكد الدور الأهم للمراكز الشوكية والبصلية في وظيفة الجهاز العصبي المستقل؟,Sympathetic and parasymp nervous,عدم حدوث تبدلت مهمة في وظائف الجهاز العصبي المستقبل عند قطع جذع الدماغ فوق مستوى البصلة,Incorrect
3965,ما هو الهدف الأساسي للنقل الفاعل عبر الغشاء؟,Transport of molecules,الحفاظ على مدروج تركيز مرتفع للمادة عبر الغشاء,Incorrect
3968,ما الذي يتأثر بتغير كمية الأوكسجين في الأسناخ؟,Hypoxia,الأوعية الدموية للسنخ,Incorrect
3975,ما هي أقصى مدة لحفظ الدم؟,24 hours,20 يوم,Incorrect
3978,ماذا يحدث عندما تكون تهوية السنخ أعلى من ترويته الدموية؟,Pneumothor,حيز ميت فيزيولوجي,Incorrect
4000,ما هي الحالات التي تزداد فيها كمية الماء الموجودة في الأحياز الخاصة؟,Fluid overload,الجنب وانصباب الجنب,Incorrect
4001,ما هو الهرمون المطلق للموجهة القشرية؟,Adrenocorticotropin,CRH,Incorrect
4004,ما هي الشاردة الإيجابية الأساسية في السائل داخل الخلوي؟,Na,بوتاسيوم,Incorrect
4013,ما هو نوع المصل الذي يحمله شخص من الزمرة الدموية B؟,A antigen,يحوي الراصة Anti A,Incorrect
4016,ما هي الحالة التي يكون فيها انقلاب الصيغة أكثر شيوعاً؟,Hypertension,الأطفال.,Incorrect
4026,ما هو حجم الضربة (Stroke Volume)؟,100ml,كمّية الدم التي يضخها البطين الأيمن في ضربة واحدة,Incorrect
4034,ما هي أقصى كمية هواء يمكن استنشاقها زيادة على كمية الحجم الجاري السوية؟,Vital capacity,حجم الشهيق المخر,Incorrect
4040,ما هي الآلية التي يتم من خلالها التنظيم المديد للجريان الموضعي؟,Dilatation,إفراز الأنجيوجنين وعامل النمو البطاني.,Incorrect
4045,ما هي الشوارد التي تسبب قوى الجذب بين خيوط الاكتين والميوزين مما يؤدي إلى انزلاق بعضها على بعض؟,Ca ions,الكالسيوم,Correct
4060,ما هو الهدف من آلية المزلاج في العضلات الملساء؟,Regulation,تحافظ على تقلّص مقوٍمديد فى العضلات الملمس باستخدام كمية قليلة جداً من الطاقه,Incorrect
4062,ما هي الخلايا الدبقية التي تشكل جزء من الحاجز الوعائي الدموي؟,Endothelial,الخلايا النجمية,Incorrect
4065,ما هي الآلية التي يتم من خلالها التنظيم المديد للضغط الشرياني؟,Regulation of blood pressure,افراز الانجيوجينين وعامل النمو البطاني,Incorrect
4069,ما هي المستقبلة الأسرع تلاؤماً؟,Cochlea,باشيني.,Incorrect
4074,لماذا لا تتمكن الألياف العصبية المركزية من التجديد؟,Neurons are not regenerative,عدم وجود غمد شوان,Incorrect
4083,ما هي كمية الهواء الموجودة في الرئتين في نهاية شهيق سوي؟,Tidal volume,السعة الوظيفية المدخرة + الحجم الجاري,Incorrect
4086,ما هي الفائدة الوظيفية من التأخير الزمني لكامن الفعل لمدة 0.1 ثانية عند مروره في العقدة الأذينية البطينية؟,Prolonged action,إنهاء تقلص الأذينات قبل تقلص البطينات,Incorrect
4093,ما هي المواد التي يقتصر عليها الامتصاص المعدي؟,Alcohol,الماء والشوارد,Incorrect
4094,ما هو المركب الذي يتشكل من تفاعل الهيموغلوبين مع حمض أو قلوي؟,Hemoglobinuria,هيماتين.,Incorrect
4095,ما الذي يتناسب إفراغه عكسياً مع إفراغ الهيدروجين؟,Oxygen,البوتاسيوم,Incorrect
4096,ما هو الغشاء الكبيبي نفوذ له؟,Dysplastic,الالبومين.,Incorrect
4097,ما هو المسؤول عن إرسال السيالات في العصبونات؟,Neurotransmitter,المحوار,Incorrect
4098,ما هو المستوى الذي يعتبر ضخ الدم مثالاً على دراسته؟,Circulatory,الأعضاء,Incorrect
4101,ما هي العملية التي يتم بها تحويل النورادرينالين إلى أدرينالين؟,Norepinephrine to epinephrine conversion,ميتلة,Incorrect
4103,ما الذي يشكل جسراً بين ألياف الكولاجين والصفيحات الدموية؟,Lamin,الترومبوكسان A2,Incorrect
4108,ما هي الفائدة الوظيفية من وجود الكليونات المجاورة للّب؟,Regulation,زيادة القدرة على تكثيف البول,Incorrect
4121,ما هو السبب الذي يحمي العضلة القلبية من التكزز؟,Tissue elasticity,طول فترة كامن فعل الليف العضلي القلبي,Incorrect
4122,ما هو الهرمون الذي يخضع لتأثير مزدوج منبه ومثبط من الوطاء؟,Thyroid,GH,Incorrect
4127,أين تقع المساحة الصغرى في ساحة الحس الأولية عند الإنسان؟,Cervical,الجذع,Incorrect
4131,ما هو مصدر الATP الذي تحتاجه الليفات العضلية بشدة؟,Mitochond,المتقدرات الغزيرة الموازية للبيفات,Correct
4134,ما هو الذي يفعل السبيل الخارجي للتخثر؟,Thrombosis,رض الأنسجة,Incorrect
4137,ما الذي تتناسب معه سرعة انتشار الغاز عبر الغشاء التنفسي عكسياً؟,Pressure,ثخانة الغشاء,Incorrect
4147,ما هي القيمة العظمى لضغط الأوكسجين في الأسناخ عند زيادة التهوية السنخية في الحالات السوية؟,40,149 ملم زئبقي,Incorrect
4148,أين يحدث الامتصاص بشكل أساسي؟,Intestinal,الامعاء الدقيقة,Incorrect
4149,ما هو الهرمون الذي يتم إفرازه نتيجة الشدة (الكروب)؟,Adrenaline,الكورتيزول,Incorrect
4152,ما هي آلية تحرر شوارد الكالسيوم من الشبكة الهيولية في العضلات الهيكلية؟,Ca-ATPase,الانتشار,Incorrect
4157,ماذا يسبب التنبيه اللاودي على القلب؟,Atrial fibrillation,تباطؤ ضربات القلب.,Incorrect
4159,ما هو المسؤول عن زوال الاستقطاب؟,Dissociation,دخول شوارد الصوديوم,Incorrect
4164,ما هو الرقم الهيدروجيني الطبيعي للبول؟,7,بين 4.7 و 8,Incorrect
4172,ماذا يحدث عند وصول كمية كبيرة من NaCl إلى اللطخة الكثيفة؟,Hyperosmotic,تقبيض الشرين الوارد,Incorrect
4175,ما هي كمية الدم التي تمر في نقطة معينة من الدوران خلال فترة محددة من الزمن؟,Flow,تدفق الدم,Correct
4179,ما هو الانزيم المعوي الذي يقوم بهضم الدسم في الأمعاء؟,Lipase,الليباز,Correct
4193,ماذا يسبب نقص فيتامين B12 وحمض الفوليك؟,Celiac,فقر دم زائد الصباغ زائد الحجم,Incorrect
4195,ما هي وظيفة الصمامات القلبية؟,Preventing backflow,توجيه مجرى الدم باتجاه واحد,Correct
4196,ما هو المستوى الذي يعد عليه تنظيم الضغط الشرياني؟,Aorta,الأجهزه,Incorrect
4202,ما هو نوع العضلات الذي يمتاز بخاصية الارتخاء بعد الكرب؟,Aerobic,العضلات وحيدة الوحدة الحشوية,Incorrect
4209,ما هو أسرع أجزاء الجهاز الناقل في القلب في توصيل السيالة؟,Atrioventricular,ألياف بوركنج.,Incorrect
4219,ما هو اسم الأسناخ التي يصلها دم ولا يصلها هواء؟,Arteries,التحويلة الفيزيولوجية,Incorrect
4221,ما هي الطريقة التي يمكن بها تحرير النص الفعال حيوياً بتقنية الأسر الصوتي؟,Laser,تفعيله بالامتصاص مستدعي الفوتونه,Incorrect
4222,ما هي الشاردة ذات التركيز الأكبر داخل العصبون؟,Dendrites,البوتاسيوم,Incorrect
4223,ما هو العظم الذي يتمفصل معه الغضروف الطرجهالي؟,Maxilla,الغضروف الحلقي,Incorrect
4226,ماذا يحدث في طور الانقباض الأذيني؟,Electrical depolarization,الصمامات الأذينية البطينية مفتوحة و السينية مغلقة,Incorrect
4231,ما هو الحجم الرئوي الذي يزداد مع التقدم بالعمر؟,Increased,الحجم المتبقي.,Incorrect
4237,ما الذي يحرض إفراز عصارة غنية بالإنزيمات الهاضمة من البنكرياس؟,Hormone,CCK,Incorrect
4243,ما الذي يتمثل به زوال استقطاب البطينات على مخطط القلب؟,Atrial fibrillation,الموجة QRS.,Incorrect
4245,ما هو العامل المحرض على زيادة إفراز الألدوستيرون؟,Hypotension,زيادة تركيز البوتاسيوم في السائل خارج الخلوي,Incorrect
4246,ما هي الطريقة المستخدمة لحل الخثرة إذا تشكلت في أوعية القلب والرئتين؟,Thrombolytic,البلازمين,Incorrect
4247,ما الذي تسمح به خاصية الارتخاء بعد الكرب للأعضاء الجوفاء التي تحوي عضلات ملساء؟,Aerobic metabolism,المحافظة على مقدار الضغط نفسه على الرغم من تغير الحجم ضمن حدود معينة,Incorrect
4249,ما هو معدل التهوية السنخية؟,20-40,كمية الهواء الذي يصل للمناطق التنفسية مضروب,Incorrect
4255,متى يتوقف التقلص العضلي؟,Tetanus,ارتباط الكالسيوم بالتربونين,Incorrect
4258,ما هي عصبونات المرتبة الثانية في المسلك الظهري؟,Ganglion,النواتين الناحلة واإلسفينية,Incorrect
4265,ما هو القشراني المعدني الرئيسي؟,Copper,الالدوسترون (معدني),Incorrect
4266,ما هي أقل أنسجة الجسم البشري احتواءً على الماء؟,Bone,الدهنى,Incorrect
4270,ما هو طليعة الانزيم الذي يتحول إلى شكله الفعال تحت تأثير الخنثرين؟,Protease,العامل الحادي عشر,Incorrect
4277,ما هي الآلية التي يستطيع من خلالها الجهاز التنفسي تأمين كميات كبيرة من الأكسجين أثناء التمارين المجهدة؟,Dilution,يحصل كامل التبادل الغازي للأكسجين خلال قطع الدم ثلث المسافة عبر الوعاء الشعري.,Incorrect
4278,ما الذي يحول الببسين إلى مولد ببسين؟,Pepsin,حمض كلور الماء,Incorrect
4280,ما هي الوظائف التي يتآزر فيها الجهازان الودي واللاودي؟,Regulation,تنظيم افراز اللعاب,Incorrect
4281,من أين يتم إفراز الإريثروبويتين؟,Bone,الكلية,Incorrect
4282,ما الجزء من الأجسام الضدية من IgG التي يتم قطعها وأخذها في المراكز الحديثة؟,Fragments,الجزء المفرط التغير,Incorrect
4284,ما الذي يؤدي إلى نقصان حجم الدفقة بزيادته؟,Hyperventilation,معدل دقات القلب.,Incorrect
4285,ما تدعى الترنجات العشوائية لشدة الإشعاع المترابط المنتشرة انتشاراً متعدداً؟,Radiation,البقع,Incorrect
4286,ما هو المسؤول عن إعادة الاستقطاب؟,Purkin's cells,دخول شوارد الصوديوم,Incorrect
4287,ما هي المادة التي تشتق منها الهرمونات الأمينية؟,Protein,التيروزين,Incorrect
4296,كيف يؤدي التأثير الحاصر غير المباشر تأثيره على الجهاز العصبي المستقل؟,Sympathetic activation,إنقاص فعالية العصبون قبل المشبكي,Incorrect
4297,ما هو الطريق الهندسي الذي يمكن للضوء أن يقطعه في الخلاء مضروبا بقرينة انكسار الوسط؟,Snell,المسار الضوئي,Incorrect
4298,ما هي الألياف العصبية التي تتميز بالنقل القفزي؟,Afferent nerve,الألياف المغمدة بالنخاعين,Incorrect
4299,ما هو الكمون تقريباً عندما يتكون الليف نفوذ لشوارد البوتاسيوم فقط؟,-90,سالب 94 ميلي فولط,Incorrect
4302,ماذا ينقص في حال نقص المتناول من الماء؟,Volumetric,حجم البول,Incorrect
4307,ما هو الجزء الذي يملك فعالية ATPase؟,Mitochondria,رأس الميوزين,Incorrect
4308,أين يوجد مركز العطش؟,Thalamus,الوطاء,Incorrect
4310,أين يحدث الامتصاص بشكل رئيسي؟,Intestinal,أمعاء دقيقة,Correct
4311,ما هو الناقل العصبي الذي تحرره الألياف قبل العقدية في القسمين الودي ونظير الودي؟,Sympathetic nerve,الأستيل كولين,Incorrect
4315,ما هو الصوت الذي يسمع عند بدء الانبساط البطيني؟,Bruit,الثاني,Incorrect
4317,ما الذي يُنقص الإفراز المعدي؟,Gastric inhibitory peptide,السكرتين,Incorrect
4321,كيف يتم إلغاء التأثير التثبيطي للتروبونين؟,Catechol,الكالسيوم,Incorrect
4322,ما هي الوظائف التي يتآزر فيها القسمين الودّي ونظير الودّي للجهاز العصبي المستقل؟,Regulation,تنظيم إفراز اللعاب,Incorrect
4332,ماذا يؤدي نقص تركيز الأوكسجين في الأسناخ؟,Osteoporosis,تقبض الأوعية الدموية لهذه الأسناخ.,Incorrect
4335,ما هي الظاهرة التي تحدث عندما تتجمع المراكز المثارة ويستطيع الإشعاع أن ينتشر مرات كثيرة؟,Electrolytic action,الانتثار المتعدد,Incorrect
4341,ما هو المسؤول عن تحفيز تحرر الكالسيوم من الشبكة الهيولية؟,Parathyroid,كامن الفعل,Incorrect
4343,ما هي آلية عمل الحاصرات الغير مباشرة في الجهاز العصبي المستقل؟,Inhibition of G-protein,تنقص فعالية العصبون قبل المشبكي,Incorrect
4349,ما هو نمط المستقبلات الموجودة في العضو؟,Sensory,إرخاء مصرة المثانة,Incorrect
4352,ما الذي يؤدي إلى انخفاض ضغط الدم عند زيادته؟,Hyperventilation,قطر الاوعية الدموية,Incorrect
4353,ما هي الحالات التي تنقص فيها سرعة موجة النبض؟,Disease,بازدياد المرونة.,Incorrect
4356,ما هي الخلايا التي تستجيب للعصبونات بعد العقد اللاودية؟,Neurons,الأستيل كولين,Incorrect
4360,ما هو الجزء من النفرون الكتيم تماماً للماء؟,Renal tub,الجزء الصاعد من عروة هانله,Incorrect
4361,أين يتم تخرب الكريات الحمر بشكل رئيسي؟,Cytosol,الطحال,Incorrect
4367,ما هو العامل الأساسي الذي يحدد ارتباط الخضاب بالأوكسجين؟,Oxygen,ضغط الأوكسجين في الدم.,Incorrect
4369,ما هو العامل الذي تفرزه الكلية ويؤثر في تشكيل الكريات الحمر؟,Hemoglobin,التروميو موديولين,Incorrect
4371,إلام يؤدي زيحان منحنى تفارق الأكسجين الخضاب نحو اليمين؟,Pulmonary embolism,نقص النسبة المئوية لإشباع الخضاب بالأكسجين,Incorrect
4373,ما الذي يشكل غمد النخاعين في الجهاز العصبي المركزي؟,Cerebral cortex,الخلايا الدبقية قليلة التغصنات,Incorrect
4378,ما الذي يثبط إفراز الـ FSH؟,Estrogen,البروجسترون,Incorrect
4385,ماذا تمثل الموجة QRS؟,Pulse,زوال استقطاب البطينين,Incorrect
4402,ما الذي يعتمد عليه هرمون النمو في تأثيره على الخلية الهدف؟,Dose,السوماتوميدين,Incorrect
4405,ما الذي يضمن سرعة توصيل كامن الفعل إلى جميع أنحاء الليف العضلي؟,Auricular nerve,انابيب المستعرضة,Incorrect
4406,ما الذي يسمع بوضوح في الحالة الطبيعية للإنسان؟,Audiogram,الصوتان الأول و الثاني,Incorrect
4410,ماذا يحدث لمعدل الترشيح الكبيبي عندما يصبح ضغط الدم 100 ممز؟,Decrease,يبقي ثابتا,Incorrect
4414,ما هو المستوى الذي يعد عليه تنظيم الضغط الشرياني؟,Aorta,الأجهزة,Incorrect
4424,ما الذي يثبط فعالية جهاز الهضم؟,Corticosteroids,التنبيه اللاودي.,Incorrect
4437,ما هي الأسباب التي تُعزى إليها ظاهرة الانتشار الخلفي المترابط؟,Dysphagia,تموضع ضعيف,Incorrect
4441,ما الذي يحدث مباشرة قبل صوت القلب الثاني؟,Aortic closure,الموجة T.,Incorrect
4444,ما هو الأنزيم المعوي الذي يحول مولد التربسين إلى تربسين؟,Trypsin,الإنتيروكيناز,Incorrect
4448,ما هي أهمية التأخير الذي يحدث أثناء مرور كامن الفعل في العقدة الأذينية البطينية؟,Regulation,كل ما سبق صحيح.,Incorrect
4449,ما هو سبب ظهور طور الهضبة في كامن فعل العضلة القلبية؟,Atrial contraction,دخول شوارد الكالسيوم.,Incorrect
4452,ما الأقنية التي يسبب انتفاحها بطور الهضبة في كمون عمل الليف العضلي القلبي؟,Atrium,الكالسيوم,Incorrect
4471,ما هو المخطط الذي عبارة عن صندوق ذو قرنين ممتدين بشكل موازي للمحور الشاقولي الذي تتوزع عليه القياسات؟,Cartogram,المخطط الصندوقي,Incorrect
4474,ما هو المقياس الذي يسمح بترتيب السمات دون اعتبار لتساوي الفروق بين أي رتبتين؟,Ordinal,الرتبي,Correct
4475,ماذا يعني أن تكون قيمة معامل الارتباط تساوي −0.92؟,Strong negative correlation,وجود علاقة عكسية قوية,Correct
4477,ما هي مصادر البيانات السكانية؟,Census,التعداد ومسوح العينة والسجلات السكانية,Incorrect
4478,ماذا نحصل عليه بعد تحديد مجتمع الدراسة والعينة وقياس قيم المتغير على أفراد العينة؟,Data Collection,البيانات الخام,Incorrect
4480,ما هو نوع المتغير الذي يمثله عدد الكريات الحمر؟,Numerical,عشوائي منفصل,Incorrect
4481,ما هو المقياس الذي تكون فيه قيمة الصفر نسبية وليست مطلقة؟,Pain,المقياس الفتروي,Incorrect
4482,ما هو مخطط تنظيم البيانات الذي يشبه أسلوب الجداول التكرارية والأعمدة؟,Tabular,مخطط الساق والورقة,Incorrect
4484,ما هو التوقع الرياضي للعدد الثابت؟,0,العدد الثابت ذاته,Incorrect
4491,ما هو التوزيع المستخدم من أجل اختبار الفروض حول معامل الارتباط الخطي؟,Normal,ستيودنت بدرجة حرية n-2,Incorrect
4494,ما هو الإحصاء الذي يسعى لعرض وتوضيح سلوك الظاهرة؟,معدa,إحصاء وصفي,Incorrect
4495,ما هو الغرض الرئيسي من حساب معامل الارتباط الخطي؟,تقيب correlation,قياس قوة العلاقة الخطية بين متغيرين,Incorrect
4497,ما هو الخط المنكسر الذي يصل النقاط التي فواصلها مراكز الفئات وترتيبها تكرارات الفئات؟,Line of best fit,المضلع التكراري,Incorrect
4498,من أين نحصل على المصادر الداخلية لجمع البيانات؟,Database,داخل الشركة أو المؤسسة,Incorrect
4502,ما هو الإحصاء؟,الErgometry,أي دالة في العينة لا تتبع وسيط مجهول,Incorrect
4505,ماذا يحتسب اليوم إذا قُبل المريض في يوم وتخرج في نفس اليوم؟,Day of Admission,مدة استشفاء,Incorrect
4508,ما هي طريقة جمع البيانات التي تتناسب مع الأطفال؟,Questionnaire,الملاحظة,Incorrect
4522,ما هي الدراسات التي بحكم الميدان تنفيذ العمل وجمع البيانات؟,Epidemiology,الدراسات الكيفية,Incorrect
4527,ما هو الغرض من استخدام الجداول التكرارية؟,تخزين و تحليل data,البيانات الوصفية والكمية,Incorrect
4528,ما هما نوعا البيانات الموجودان؟,Numerical and categorical,كمية ووصفية,Correct
4531,ما الذي تعطينا إياه دالة التوزيع الاحتمالي المتجمع؟,مكعب,احتمال ان ياخد المتغير العشوائى x قيمه اقل او تساوى قيمه محددة,Incorrect
4541,كل متى يتكرر التعداد السكاني عادة؟,10 years,عشرة أعوام,Correct
4546,ما هو الفارق في عدد السكان بين تعدادين متعاقبين تفصلهما فترة معينة كعشر سنوات؟,Population growth,التغير المطلق,Incorrect
4551,ما هو المسجل الذي يهدف إلى تجميع المعلومات عن المرضى؟,الرصid,السجلات الطبية,Incorrect
4563,ما هي من أقدم الطرق المستخدمة لجمع البيانات لمراقبة الكثير من الظواهر لا سيما التي يصعب السؤال عنها؟,الرصد,الملاحظة أو المشاهدة,Correct
4564,ما هو المقياس المستخدم لوصف حالة التدخين (مدخن - غير مدخن)؟,Fagerstrom,الاسمي,Incorrect
4566,ما هي الطريقة التي يتم بها الحصول على بيانات تتعلق بضغط الدم وسرعة نبضات القلب ونسبة الكوليسترول في الدم لعينة من المرضى خلال فترة أسبوع؟,Monitoring,التسجيل,Incorrect
4567,ما هي وظائف السجلات الطبية؟,تخزina information,ترميز الامراض والعمليات .,Incorrect
4568,ما هو المقياس الذي يمكن استخدام الطرق الإحصائية الوسيطية فيه؟,Numerical,النسبي,Incorrect
4572,ما هو التوزيع الذي يتبعه مربع المتغير العشوائي Z² إذا كان للمتغير العشوائي Z توزيع طبيعي معياري؟,Chi-Square,توزيع كاي مربع بدرجة حرية واحدة,Incorrect
4574,ما هي المنظمة التي وضعت التصنيف الدولي للأمراض؟,WHO,منظمة الصحة العالمية .,Correct
4580,ما هي الجهة المسؤولة عن السجلات الطبية؟,Department of Medical Records,قسم السجلات الطبية في المشفى,Correct
4586,ما هو التوقع الرياضي لمتحول عشوائي يخضع لتوزيع برنولي؟,0,P,Incorrect
4588,ما هو التصنيف الدولي للأمراض؟,ICD,ثلاثة أجزاء .,Incorrect
4589,ما هو المستقيم الذي يكون منحنى التوزيع الطبيعي المعياري مناظراً حوله؟,X,x=0,Incorrect
4594,ما هي أيام الخدمة الإجمالية للمرضى الداخليين؟,DAYS,مجموع خدمة جميع المرضى الداخليين خلال مدة معينة,Incorrect
4595,ما هي قيمة معامل التجديد؟,0.8,مربع معامل الارتباط الخطي,Incorrect
4596,ما هي وحدة المعاينة؟,Dose,عنصر من العينة,Incorrect
4597,ما هو الجدول التكراري الذي يضم عدد البيانات في فئة معينة وكل الفئات التي تسبقها؟,Bar chart,تكرار المجتمع الصاعد,Incorrect
4598,ما هو معدل الوفيات في المشفى؟,Mortality,عدد الوفيات خلال فترة زمنية محددة على عدد المتخرجين والوفيات في نفس الفترة مضروب بـ 100,Incorrect
4601,ما هو متوسط التوزيع الاحتمالي في تجربة رمي قطعة نقود 3 مرات متتالية حيث x تدل على عدد ظهور H؟,Binomial,1.5,Incorrect
4604,ما هو المجتمع الإحصائي (الجمهرة)؟,Sample,التي تشترك فيما بينها ببعض الخواص والمميزات,Incorrect
4618,ما هو الرسم البياني الذي يتكون من مجموعة من الأعمدة المتجاورة المقامة على المحور الأفقي الذي تمثل عليه حالات الصفة المدروسة عندما تكون البيانات وصفية وفترات الفئات عندما تكون البيانات كمية ويساوي ارتفاع كل عمود تكرارات الفئة المقام عليها؟,Bar chart,المدرج التكراري,Incorrect
4622,ما هي طريقة جمع البيانات التي من أمثلتها قياس شدة تأثير نوع من الهرمونات في مجموعة من الفئران؟,Experimental,التجربة,Correct
4623,ما نوع المتغير الذي يمثله طول شخص بالغ وقياس السكر في الدم؟,Numerical,عشوائي مستمر,Incorrect
4628,متى يكون المجتمع غير متجانس في العينة غير العشوائية؟,Sample bias,الحصصية,Incorrect
4629,ما الذي يعتمد عليه توزيع ستيودنت؟,Dental anatomy,درجة الحرية,Incorrect
4630,ما هي محتويات السجل الطبي؟,البيانات med,صفحة الموافقة على العلاج,Incorrect
4631,ما هو التصنيف الدولي للأمراض وما الغرض من الرموز والأرقام المستخدمة فيه؟,ICD-10,عن الامراض .,Incorrect
4634,ما نوع العينة التي نسحبها إذا كنا أمام مجتمع غير متجانس؟,Stratified,طبقية,Correct
4636,ما هو الغرض من استخدام الجداول التكرارية في عرض البيانات؟,تخزين و سازمانة,الكمية والاسمية,Incorrect
4640,ما هي الطريقة التي يتم بها الحصول على بيانات تتعلق بضغط الدم ونسبة الكوليسترول بالدم لعينة من المرضى خلال فترة زمنية معينة؟,Blood Profile,الملاحظة أو المشاهدة,Incorrect
4644,ما هي أعلى مستويات القياس؟,Aorta,المقياس الرتبي,Incorrect
4645,ما هو الهدف من تغيير الطرائق في الدراسات بالنسبة للبيانات؟,الGeneralizability,أفضل دقة ممكنة,Incorrect
4646,ما هي طريقة جمع البيانات التي تمتاز بالتكلفة العالية؟,Biopsy,المقابلة الشخصية,Incorrect
4647,ما هو الفارق في عدد السكان بين تعدادين متعاقبين تفصلهما فترة معينة كعشر سنوات؟,Population growth,التغير المطلق,Incorrect
4650,ما هو الجزء من الإحصاء الذي يعنى بوصف طبيعة وسلوك الظاهرة المدروسة وعرضها؟,Descriptive,الإحصاء الوصفي,Correct
4651,ما هي الفئة التي تشكل قاعدة الهرم السكاني؟,الInfant,الأطفال,Incorrect
4655,ما هي فرضية العدم لاختبار الفرضيات حول معامل الارتباط الخطي لبيرسون؟,الNull,قيمة معامل ارتباط المجتمع تساوي الصفر,Incorrect
4657,ما هو التكرار المتجمع الهابط لفئة معينة؟,Distributive,عدد البيانات في الفئة والفئات التي تليها,Incorrect
4661,ما هو التوزيع الذي تتبعه التجربة الثنائية الوحيدة؟,Binomial,البرنولي,Incorrect
4663,ما هو نتاج العوامل المؤثرة في النمو السكاني من مواليد ووفيات وهجرة؟,الناتality,التركيب العمري,Incorrect
4667,ما هو المقياس المستخدم لقياس خضاب الدم؟,Glas,النسبي,Incorrect
4672,ما هو نوع المصدر الذي تمثله البيانات التي نحصل عليها من الشركة أو المؤسسة من واقع مستنداتها وسجلاتها وفواتيرها وتقاريرها الدورية؟,Primary,داخلي,Incorrect
4679,ما هي الجهة المسؤولة عن السجلات الطبية؟,Department of Medical Records,قسم السجلات الطبيه فى المشفى,Correct
4680,ما هو نوع الإحصاء الذي يتضمن جمع البيانات وتنظيمها وتوصيفها وتبويبها وتلخيصها؟,Statistical Analysis,الوصفي,Incorrect
4683,ما نوع العينة التي تمثلها مجموعة من المرضى الذين يراجعون طبيباً معيناً عندما يجري عليهم دراسة؟,Convenience,مصادفة,Correct
4684,ما نوع العلاقة إذا كانت قيمة بيرسون R=0.92؟,Strong Positive,طردية قوية,Correct
4687,ما هي وحدة المعاينة؟,Dose,عنصر من العينة,Incorrect
4688,ما هي الطريقة التي يتم بها الحصول على بيانات تتعلق بضغط الدم وسرعة نبضات القلب ونسبة الكولسترول في الدم لعينة من المرضى خلال فترة أسبوع؟,Monitoring,الملاحظة أو المشاهدة,Correct
4690,ما نوع الارتباط بين المتغير العشوائي X والمتغير التابع Y إذا كان تزايد X يؤدي إلى تزايد Y؟,Positive correlation,إيجابي,Correct
4692,"ماذا تعبر عنه العبارة ""احتمال أي حدث لا يزيد عن الواحد""؟",Certainty,المسلمة الاحتمالية,Incorrect
4693,ما تسمى الظاهرة التي يحدث فيها انحدار معدل أطوال الأبناء من معامل المجتمع؟,Regression,الانحدار نحو المعدل,Correct
4694,ما هي التقديرات التي تستخدم لتقدير نسبة النجاح لمجتمع؟,OR,التقدير النقطي,Incorrect
4696,ما نوع المتغير العشوائي الذي يدل على عدد القذفات عند قذف قطعة نقود حتى يظهر الوجه H للمرة الأولى؟,Geometric,متقطع قيمة الاعداد الطبيعية,Correct
4699,ما هو متوسط عدد الأطفال الذي يمكن أن تنجبهم المرأة أحياء إذا أمضت حياتها منذ ميلادها بما يتماشى مع معدلات الخصوبة العمرية في سنة معينة؟,2,معدل الخصوبة الكلية,Incorrect
4700,ما هي الطريقة التي تمكننا من مراقبة رد الفعل على بعض الأسئلة والحصول على إجابات دقيقة؟,PQRST,المواجهة,Incorrect
4702,ما هو نوع البيانات المستخدمة لإنشاء الجدول التكراري؟,Numerical,كمية و وصفية,Incorrect
4714,ما هي طبيعة الأفراد أو العناصر التي تشكل المجتمع الإحصائي؟,Sample,التي تشترك فيما بينها ببعض الخواص والمميزات,Incorrect
4717,ما هو عدد الكريات الحمر في الجسم؟,4.5 trillion,عشوائي منفصل,Incorrect
4720,ما هو معدل وفيات الأمهات الذي يحسب بقسمة عدد الوفيات لدى النساء الحوامل التي حدثت أثناء الحمل أو الولادة أو النفاس على عدد المواليد الأحياء خلال نفس السنة مضروباً في 100000؟,Maternal mortality,معدل وفيات الأمهات,Correct
4723,ما هي المعدلات التي يكون تركيزها على معدلات الخصوبة لفئة معينة من العمر لغرض المقارنة على امتداد زمن ما ودراسة الفروق في ظاهرة الخصوبة بمختلف الأعمار؟,TFR,معدل الخصوبة العمري,Incorrect
4724,ما هي العلاقة بين المتغيرين عندما يؤدي تزايد المتغير العشوائي x إلى تناقص المتغير التابع y؟,Negative correlation,سلبي,Correct
4729,ما هو المقياس المستخدم لوصف حالة التدخين (مدخن / غير مدخن)؟,SMOKING STATUS,مقياس اسمي,Incorrect
4730,ما هي الشروط التي يجب توفرها في مجموعة من المتغيرات العشوائية لتشكل عينة عشوائية؟,Random sampling,مستقلة ولها قانون التوزيع نفسه,Incorrect
4731,ما هو المستوى الذي يمكن حساب فيه المتوسطات والانحرافات المعيارية ومقاييس العلاقة الخطية؟,Distributive,العنقودي,Incorrect
4736,كم يتراوح عدد الفئات غالباً؟,5,بين 5 و15 فئة,Incorrect
4740,ما هي فرضية العدم لاختبار الفرضيات حول معامل الارتباط الخطي لبيرسون؟,الNull,قيمة معامل ارتباط المجتمع تساوي الصفر,Incorrect
4743,ما هو معدل الوفيات الخام؟,مortality rate,عدد الوفيات لكل الف من السكان في سنة معينة,Incorrect
4744,ما هي الجهة المسؤولة عن السجلات الطبية؟,Department of Medical Records,قسم السجلات الطبية في المستشفى,Correct
4748,ما هو الغرض من استخدام مخطط الانتشار في الدراسة الإحصائية بين خاصتين؟,تقييم الrelation,متغيرين,Incorrect
4758,ما هو التوقع الرياضي لمجموع متغيرين عشوائيين؟,E(X1 + X2),مجموع التوقعين الرياضيين للمتغيرين العشوائيين,Incorrect
4761,ما هو التكرار المتجمع الصاعد لفئة معينة؟,Hyperplasia,عدد البيانات المتضمنة في الفئة والفئات التي تسبقها,Incorrect
4765,ما هي المنطقة التي تتألف من قيم دالة الاختبار قليلة الاحتمال عندما Ho صحيحة؟,Region of rejection,منطقة الرفض,Correct
4768,ما هو المجتمع الإحصائي؟,Sample,التي تشترك فيما بينها ببعض الخواص والميزات,Incorrect
4770,ما الذي يقوم عليه الإحصاء الاستنتاجي؟,تخمین,على اتخاذ القرارات والتنبؤ والاستقرار والاستدلال,Incorrect
4772,ما هي الجهة التي تصدر التصنيف الدولي للأمراض؟,WHO,منظمة الصحة العالمية,Correct
4778,ما الذي تختلف تبعاً له دلالات قيم المتغيرات العشوائية؟,مoy,نوعية المقياس المستخدم,Incorrect
4781,ما هي الطريقة التي تستخدم فيها بعض التقنيات الإلكترونية للمراقبة والعد وتسجيل الملاحظات؟,Electroencephalography,التسجيل,Incorrect
4782,ما الذي يحدد زمن حفظ السجلات الطبية؟,قانون HIP,حسب الأسس المتبعة محليا في كل بلد,Incorrect
4783,ما هو التوزيع الذي يتبعه مجموع متغيرات عينة عشوائية حجمها n من توزيع برنولي بالوسيط P؟,نormal,الثنائي,Incorrect
4787,ما هي مجموعة قيم المتغير العشوائي x الذي يدل على عدد أخوات طالب ما؟,Distribución Binomial,صحيح موجب,Incorrect
4789,ما هو معدل المواليد الخام؟,إجمال ناتality,عدد المواليد الاحياء لكل ألف من السكان في سنة معينة,Incorrect
4790,ما هي الفئة العمرية المهمة جداً من الناحية الصحية والتنموية؟,الطفhood,فئة الأطفال,Incorrect
4798,ما هي الطريقة التي تمتاز بوصول الإجابات خلال وقت قصير وتتميز ببساطتها وقلة تكاليفها وسرعتها؟,Telemedicine,استخدام الانترنيت والمواقع الاجتماعية,Incorrect
4802,ما هو المخطط الذي يساعد بدراسة العلاقة بين متغيرين وطبيعتها؟,Diagrama,مخطط الانتشار,Incorrect
4806,ما الذي يحدد زمن حفظ السجلات الطبية في المشفى؟,قانون HIP,بناء على الأسس المتبعة محلياً في كل بلد,Incorrect
4812,ما هو التوزيع الذي يستخدم في اختبار الفرضيات حول ميل خط الانحدار؟,Normal,ستيودنت,Incorrect
4816,ما هي أسباب تفضيل أسلوب العينة على أسلوب الحصر الشامل؟,Time and cost,صعوبة حصر افراد المجتمع,Incorrect
4823,ما هو السجل الذي يهدف إلى تجميع المعلومات عن المريض؟,الرصid,السجلات الطبية .,Incorrect
4832,ما هو نوع التوزيع الإحصائي إذا علمت أن احتمال شفاء مريض مصاب بالزكام خلال أسبوع دون اللجوء للطبيب هو 0.6 وكان لدينا 10 مرضى بالزكام ولم يراجعوا الطبيب؟,Binomial,حداني,Correct
4848,ما هو الشريان الذي ينزف غالباً من قرحة اثني عشرية؟,Gastric,المعدي العفجي.,Incorrect
4854,ما هي الأورام التي تعالج في القسم البعيد للمعدة؟,Gastric cancer,4. كل ما سبق صحيح.,Incorrect
4855,ما هو التشخيص للآفة التي قد تسبب فقراً دموياً والنزف الحاد منها غير شائع والتي تم اكتشافها بالتنظير الهضمي العلوي لرجل عمره 55 سنة؟,Gastric cancer,سرطانة معدية.,Correct
4856,ما هي الخطوة الأولى الأهم في تدبير مريض يبلغ من العمر 32 سنة أتى لقسم الطوارئ بقصة إقياء لكميات كبيرة من الدم الأحمر القاني؟,تأب,إنعاش بالسوائل.,Incorrect
4857,ما هو التشخيص المحتمل لمريضة تبلغ من العمر 45 سنة تشكو من ألم في ثديها الأيسر لمدة أسبوعين مع وجود خيط يشبه الحبل مؤلم وأودة بارزة فوقه بالفحص السريري؟,Breast cancer,داء,Incorrect
4858,ما هو التشخيص المحتمل لمريضة تبلغ من العمر 40 عاماً من أصول آسيوية وصلت إلى بريطانيا تشكو من كتلة غير مؤلمة في ثديها الأيمن منذ عدة أشهر مع نز الخراج في إبطها الأيمن الذي يشفى ويعاود من جديد؟,Breast cancer,سل ثدي.,Incorrect
4859,ما هو التشخيص المحتمل لمريضة تبلغ من العمر 25 سنة راجعت بكتلة شاهدتها صدفة منذ 3 أسابيع في ثديها الأيسر ويمكن تحريك الكتلة من قبل المريضة ضمن نسيج الثدي؟,Breast cancer,غدوم ليفي.,Incorrect
4860,ما هو التشخيص المحتمل لمريضة تبلغ من العمر 50 عاماً تعاني من ألم واحمرار في الثدي الأيمن منذ شهر وقد عولجت بالصادات لمدة أسبوعين دون تحسن وازدادت الحالة سوءاً؟,Cancer,سرطان التهابي.,Incorrect
4863,ما هو التشخيص المحتمل لمريضة مسنة مشخص لديها سابقاً داء هاشيموتو وتراجع بعقدة قاسية غير منتظمة في الفص الدرقي الأيمن؟,Chronic Autoimmune Pancreatitis,لمفوما.,Incorrect
4864,ما هو التشخيص المحتمل لطفل يبلغ من العمر 12 سنة يراجع بعقدة درقية مع ضخامة عقد لمفية ناحية؟,Hodgkin,سرطان حليمي.,Incorrect
4865,ما هو التشخيص المحتمل لمريضة في منتصف العمر تعاني من سلعة درقية لفترة طويلة مع تضخم الفص الأيمن أكبر من الأيسر وهي سريرياً في حالة سواء درقي؟,Hyperthyroid,سلعة متعددة العقد.,Incorrect
4866,ما هو التشخيص الأكثر احتمالاً لفتاة في الربيع الخامس تشكو من عسرة تنفس مع وجود كتلة في جوف الفم بقطر 3 سم على الخط الناصف وعلى مؤخرة اللسان؟,Leukemia,درق لسانية.,Incorrect
4867,ما هو العلاج غير المرغوب به في حالة شابة في ربيعها الأربعين تشكو من نقص وزن مع خفقان وجحوظ في العينين مع وجود سلعة درقية متوسطة الحجم منتشرة ومتجانسة وفرط نشاط درق بدني؟,Radiotherapy,المعالجة الشعاعية باليود I 131,Incorrect
4868,ما هو الإجراء الأول الذي يجب إجراؤه قبل عملية sleeve gastrectomy لمريض البدانة الذي لديه BMI يساوي 40؟,Bariatric evaluation,الحصول على موافقة المريض.,Incorrect
4869,ما هو الإجراء الأول الذي يجب إجراؤه قبل عملية Sleeve gastrectomy لمريض البدانة الذي لديه BMI يساوي 40؟,Bariatric evaluation,الحصول على موافقة المريض.,Incorrect
4870,ما هو التشخيص المحتمل لمريض عمره 25 سنة يعاني من عدم ارتياح عام ونقصان في الوزن وترفع حروري وبراز ملطخ بالدم على نحو متقطع خلال الست أسابيع الأخيرة بعد عودته من شبه القارة الهندية حيث عمل هناك لمدة ستة أشهر، مع وجود كبدية ومضض في الربع العلوي الأيمن وإيكو يظهر جوفا ناقص الصدى في الفص الكبدي الأيمن ذو حوا,Schistosomiasis,خراجة كبدية زحارية.,Incorrect
4871,ما هو التشخيص المحتمل لمريض عمره 50 سنة يعاني من أصمية حديثة وألم في الربع العلوي الأيمن لمدة 3-4 أشهر مع فحص سريري سلبي ووظائف كبد طبيعية وتنظير هضمي علوي طبيعي بينما أظهر الإيكو وجود آفة كيسية وحيدة تبلغ 6 سم؟,Pancreatitis,داء كيسي بسيط,Incorrect
4872,ما هو التشخيص المحتمل لمريضة تبلغ من العمر 30 سنة تعاني من ألم مستمر في الربع العلوي الأيمن من البطن مع إقياء وارتفاع حرارة وإيجابية علامة مورفي؟,Pancreatitis,التهاب مرارة حاد.,Incorrect
4873,ما هو التشخيص المحتمل لمريض يبلغ من العمر 60 سنة لديه سابقة حصيات مرارية يراجع بقصة ألم بطني شديد ومستمر لمدة 6 ساعات وبالفحص السريري كان المريض غير مرتاح ومصدوم مع انتفاخ البطن ومضض راجع معممين؟,Pancreatitis,التهاب بريتوان تالي لانثقاب مرارة.,Incorrect
4874,ما هو التشخيص المحتمل لمريض يبلغ من العمر 56 سنة يعاني من ألم شديد في أعلى البطن منذ أسبوع مع حمى متقطعة وعدم راحة شديدة مع وجود علامات لتخريش بريتواني في الربع العلوي الأيمن مع جس كتلة؟,Pancreatitis,تقيح مرارة.,Incorrect
4875,ما هو التشخيص المحتمل لمريض يبلغ من العمر 60 سنة يراجع بقصة ألم بطني ويرقان وحرارة مع عروءات؟,Pancreatitis,التهاب طرق صفراوية صاعد.,Incorrect
4876,ما هو التشخيص المحتمل لمريضة تبلغ من العمر 40 سنة عولجت لالتهاب مرارة حاد حيث لوحظ وجود مرارة مجسوسة غير ممضة، لم يكن هناك ترفع حروري وكانت المريضة بشكل عام بصحة جيدة؟,Chronic infection,قيلة مخاطية في المرارة.,Incorrect
4877,ما هو التشخيص المحتمل لمريض عمره 80 سنة لديه تصبغ جلدي ملحوظ ونسيج ندبي ولديه ندبات بطنية لاستئصال كظر ثنائي الجانب؟,Cushing's Syndrome,متلازمة نيلسون.,Incorrect
4878,ما هو التشخيص المحتمل لمريض عمره 48 سنة يعاني من اضطراب رئوي وصداع وارتفاع ضغط؟,Hypertension,متلازمة كون.,Incorrect
4879,ما هو التشخيص المحتمل لمريض ربو مع تفاقم متكرر لحالته تطور لديه بشكل تدريجي شعرانية مع بدانة جذعية وكدمات؟,Asthma exacerbation,متلازمة كوشينغ.,Incorrect
4881,ما هو التشخيص المحتمل لسيدة حامل تبلغ من العمر 30 سنة تبين أثناء إجراء ايكو بطن لها وجود كتلة متكلسة في الشرسوف يبلغ قطرها 1 سم مع سماع لغط في منطقة الشرسوف دون وجود أي أعراض؟,Osteosarcoma,أم دم شريان طحالي.,Incorrect
4882,ما هو التشخيص الأكثر احتمالاً لطفل عمره 7 سنوات يعاني من فقر دم منجلي ويشكو منذ ساعتين من ألم بطني حاد في الربع العلوي الأيسر مع ضغط 60/100 ملم زئبقي ونبض 110 ن/د وحرارة 37 درجة ومضض في الربع العلوي الأيسر للبطن بدون إيلام مرتد مع صعوبة جس الطحال وخضاب 6.1 غ/دل؟,Acute Hemolytic Anemia,نوبة ألمية بسبب انسداد الأوعية الدموية.,Incorrect
4883,ما هي نسبة الاستفادة من استئصال الطحال في حالة سيدة عمرها 40 سنة تعاني من فرفرية مناعية مزمنة معندة على العلاج بالستيروئيدات؟,50,أقل من 20%,Incorrect
4884,ما هي الخطوة التالية في تدبير مريض بعمر 70 سنة دون سوابق جراحية يعاني من ألم بطني متقطع منذ أسبوع وتوسع بطني وإقياء مستمر منذ يوم، مع عدم وجود فتوق بالفحص وتعداد 3000 كرية بيضاء / مم؟,CT,إجراء (CT) التصوير الطبقي المحوسب للبطن.,Correct
4894,ما هي الخطوة التالية في تدبير مريض بعمر 70 سنة دون سوابق جراحية يعاني من ألم بطني متقطع منذ أسبوع وتوسع بطني وإقياء مستمر منذ يوم، مع عدم وجود فتوق بالفحص وتعداد 3000 كرية بيضاء / مم؟,CT,إجراء (CT) التصوير الطبقي المحوسب للبطن.,Correct
4896,ما هي الخطوة التالية في تدبير شاب عمره 20 سنة راجع الإسعاف بعد 20 يوماً من استئصال زائدة ملتهبة ويعاني من إقياء مع تمدد بطن وإيلام خفيف، وتعداد WBC كان 14000 كرية/مم3 والكهارل طبيعية؟,Reoperation,مراقبة 24 ساعة أخرى مع وضع NG.,Incorrect
4897,ما هي العلامات الأكثر توافقاً مع بالغ عمره 45 سنة لديه ألم بطني حاد وتم تشخيصه بالتهاب مرارة حاد؟,Acute pancreatitis,ألم بطني مستمر ومضض مراق أيمن وارتفاع الكريات البيضاء.,Incorrect
4898,ما هي الخطوة الأولى الأهم في تدبير مريض يبلغ من العمر 32 سنة أتى لقسم الطوارئ بقصة إقياء لكميات كبيرة من الدم الأحمر القاني؟,تأب,الإنعاش بالسوائل.,Incorrect
4899,ما هو التشخيص المحتمل لمريض عمره 70 سنة تطور لديه بعد 3 أيام من احتشاء قلبي ألم بطني مع تعدد البطن وخفوت في أصوات الأمعاء وتحليل غازات الدم يشير إلى احمضاض استقلابي؟,Acute pancreatitis,احتشاء مساريقي.,Incorrect
4902,ما هي القاعدة الجراحية الأصح حالياً في مراقبة المريض أثناء تدبير مريض الانسداد المعوي ووضع القرار الجراحي المناسب في المراكز الجراحية المتطورة؟,ERCP,يجب دائماً عدم إجراء الجراحة حتى يتم استقرا المريض بعد الإنعاش.,Incorrect
4905,ما هو التشخيص المحتمل للمريضة إذا كانت الصورة البسيطة تدل على سويات معوية دقيقة وغياب لارتسام الكولونات وكانت مقاطع التصوير الطبقي المحوري تشير لتوسع عرى المعي؟,Carcinoma,التصاقات معوية.,Incorrect
4907,ما هو التشخيص الأقوى لمريض عمره 65 سنة تطور لديه ألم بطني حاد مفاجئ مستمر في الربع العلوي الأيمن منذ ساعة، تلاه آلام مغصية سرية مع غثيان، والفحص السريري يبدي سحنة سمية مع فحص بطني سوي تقريباً؟,Pancreatitis,انسداد أمعاء بنقص التروية.,Incorrect
4911,ما هو التشخيص المحتمل في المريضة التي تظهر صورتها البسيطة سويات معوية دقيقة وغياب الارتسام الكولوني، وتشير مقاطع التصوير الطبقي المحوري لتوسع عرى المعي الدقيق وزيادة في شحم المساريقا مع عدم ارتسام الكولون بالكامل؟,Crohn,التصاقات معوية.,Incorrect
4912,ما هو التشخيص لمريض عمره 60 سنة مصاب بداء كرون منذ عشر سنوات راجع المشفى بقصة حمى وعرواءات تلاها خروج هواء ومفرزات معوية عند التبول؟,Perforation,ناسور معدي مثاني.,Incorrect
4926,ما هي الحالة التي لا تدخل في التشخيص التفريقي لطفلة عمرها 10 سنوات تعاني منذ ساعتين من ألم حفرة حرقفية يمنى دون إيلام مرتد؟,Acute appendicititis,نزف رتج ميكل.,Incorrect
4928,ما هو التشخيص المحتمل لمريضة عمرها 50 سنة تعرضت لألم بطني حاد طاعن منذ نصف ساعة في الشرسوف تعمم في أنحاء البطن مع إقياءات بنية اللون وفحص البطن لين؟,Pancreatitis,صمة شريان مساريقي علوي.,Incorrect
4929,ما هو الفحص الذي يجب إجراؤه أولاً لمريض يشتكي من ألم بطني حاد ومفاجئ؟,Abdominal examination,صورة بطن شعاعية.,Incorrect
4930,ما هو التشخيص الأقوى لمريض عمره 65 سنة تطور لديه ألم بطني حاد مفاجئ ومستمر في الربع السفلي الأيمن منذ ساعة، تلاه آلام مغصة سرية مع غثيان، والفحص السريري يبدي سحنة سمية مع فحص بطن سوي تقريباً؟,Pancreatitis,انسداد أمعاء بنقص التروية.,Incorrect
4932,ما هي الخطوة الأولى الأهم في تدبير شاب عمره 32 سنة يراجع قسم الطوارئ بقصة إقياء كميات كبيرة من الدم الأحمر القاني؟,تأب,الإنعاش بالسوائل.,Incorrect
4934,ما هو التشخيص للآفة التي قد تسبب فقراً دموياً والنزف الحاد منها غير شائع والتي تم اكتشافها بالتنظير الهضمي العلوي لرجل عمره 55 سنة؟,Gastric cancer,2. سرطانة معدية.,Correct
4935,ما هي الخطوة الأولى الأهم في تدبير مريض يبلغ من العمر 32 سنة أتى لقسم الطوارئ بقصة إقياء لكميات كبيرة من الدم الأحمر القاني؟,تأب,3. الإنعاش بالسوائل.,Incorrect
4936,ما هو العلاج الأمثل لمريض عمره 40 سنة وجد لديه بالتنظير الهضمي العلوي لمفوما معدية؟,Chemotherapy,4. علاج كيماوي.,Correct
4937,ما هو التشخيص المحتمل لطفل يبلغ من العمر 12 سنة يراجع بعقدة درقية مع ضخامة عقد لمفية ناحية؟,Hodgkin,4. سرطان حليمي.,Incorrect
4938,ما هو التشخيص المحتمل لمريضة في منتصف العمر تعاني من سلعة درقية لفترة طويلة مع تضخم الفص الأيمن أكبر من الأيسر وهي سريرياً في حالة سواء درقي؟,Hyperthyroid,3. سلعة متعددة العقد.,Incorrect
4939,ما هو التشخيص الأكثر احتمالاً لفتاة في الربيع الخامس تشكو من عسرة تنفس مع وجود كتلة في جوف الفم بقطر 3 سم على الخط الناصف وعلى مؤخرة اللسان؟,Leukemia,2. درق لسانية.,Incorrect
4940,ما هو العلاج غير المرغوب به في حالة شابة في ربيعها الأربعين تشكو من نقص وزن مع خفقان وجحوظ في العينين مع وجود سلعة درقية متوسطة الحجم منتشرة ومتجانسة وفرط نشاط درق بدني؟,Radiotherapy,3. المعالجة الشعاعية باليود I 131,Incorrect
4941,ما هو الإجراء الأول الذي يجب إجراؤه قبل عملية Sleeve gastrectomy لمريض البدانة الذي لديه BMI يساوي 40؟,Bariatric evaluation,3. الحصول على موافقة المريض.,Incorrect
4942,ما هو التشخيص المحتمل لمريض عمره 50 سنة يعاني من أصمية حديثة وألم في الربع العلوي الأيمن لمدة 3-4 أشهر مع فحص سريري سلبي ووظائف كبد طبيعية وتنظير هضمي علوي طبيعي بينما أظهر الإيكو وجود آفة كيسية وحيدة تبلغ 6 سم؟,Pancreatitis,4. داء كيسي بسيط,Incorrect
4943,ما هو التشخيص المحتمل لمريض يبلغ من العمر 60 سنة لديه سابقة حصيات مرارية يراجع بقصة ألم بطني شديد ومستمر لمدة 6 ساعات وبالفحص السريري كان المريض غير مرتاح ومصدوم مع انتفاخ البطن ومضض راجع معممين؟,Pancreatitis,4. التهاب بريتوان تالي لانثقاب مرارة.,Incorrect
4944,ما هو التشخيص المحتمل لمريض يبلغ من العمر 56 سنة يعاني من ألم شديد في أعلى البطن منذ أسبوع مع حمى متقطعة وعدم راحة شديدة مع وجود علامات لتخريش بريتواني في الربع العلوي الأيمن مع جس كتلة؟,Pancreatitis,1. تقيح مرارة.,Incorrect
4945,ما هو التشخيص المحتمل لمريض يبلغ من العمر 60 سنة يعاني من ألم بطني ويرقان وحرارة مع عروءات؟,Pancreatitis,4. التهاب طرق صفراوية صاعد.,Incorrect
4946,ما هو التشخيص المحتمل لمريضة تبلغ من العمر 40 سنة عولجت لالتهاب مرارة حاد حيث لوحظ وجود مرارة مجسوسة غير ممضة، لم يكن هناك ترفع حروري وكانت المريضة بشكل عام بصحة جيدة؟,Chronic infection,3. قيلة مخاطية في المرارة.,Incorrect
4947,ما هو التشخيص المحتمل لمريض عمره 48 سنة يعاني من اضطراب رئوي وصداع وارتفاع ضغط؟,Hypertension,3. متلازمة كون.,Incorrect
4948,ما هو التشخيص المحتمل لمريض ربو مع تفاقم متكرر لحالته تطور لديه بشكل تدريجي شعرانية مع بدانة جذعية وكدمات؟,Asthma exacerbation,1. متلازمة كوشينغ.,Incorrect
4950,ما هو التشخيص المحتمل لسيدة حامل تبلغ من العمر 30 سنة تبين أثناء إجراء ايكو بطن لها وجود كتلة متكلسة في الشرسوف يبلغ قطرها 1 سم مع سماع لغط في منطقة الشرسوف دون وجود أي أعراض؟,Osteosarcoma,3. أم دم شريان طحالي.,Incorrect
4952,ما هي نسبة الاستفادة من استئصال الطحال في حالة سيدة عمرها 40 سنة تعاني من فرفرية مناعية مزمنة معندة على العلاج بالستيروئيدات؟,50,1. أقل من 20%,Incorrect
4953,ما هي الخطوة التالية في تدبير مريض بعمر 70 سنة دون سوابق جراحية يعاني من ألم بطني متقطع منذ أسبوع وتوسع بطني وإقياء مستمر منذ يوم، مع عدم وجود فتوق بالفحص وتعداد 3000 كرية بيضاء / مم؟,CT,4. إجراء (CT) التصوير الطبقي المحوسب للبطن.,Correct
4957,ما هي الخطوة التالية في تدبير مريض بعمر 70 سنة دون سوابق جراحية يعاني من ألم بطني متقطع منذ أسبوع وتوسع بطني وإقياء مستمر منذ يوم، مع عدم وجود فتوق بالفحص وتعداد 3000 كرية بيضاء / مم؟,CT,4. إجراء (CT) التصوير الطبقي المحوسب للبطن.,Correct
4958,ما هي الخطوة التالية في تدبير شاب عمره 20 سنة راجع الإسعاف بعد 20 يوماً من استئصال زائدة ملتهبة ويعاني من إقياء مع تمدد بطن وإيلام خفيف وتعداد WBC 14000 كرية/مم2 والكهارل طبيعية؟,Reoperation,1. مراقبة 24 ساعة أخرى مع وضع NG.,Incorrect
4960,ما هي الخطوة الأولى الأهم في تدبير مريض يبلغ من العمر 32 سنة يعاني من إقياء كميات كبيرة من الدم الأحمر القاني؟,تخon,3. الإنعاش بالسوائل.,Incorrect
4961,ما هو التشخيص المحتمل لمريض عمره 70 سنة تطور لديه بعد 3 أيام من احتشاء قلبي ألم بطني مع تطبل البطن وخفوت في أصوات الأمعاء وتحليل غازات الدم يشير إلى حماض استقلابي؟,Acute pancreatitis,2. احتشاء مساريقي.,Incorrect
