id,input,prediction,ground_truth,primary_reasoning_objective,red_flag_symptoms,prediction_clean,ground_truth_clean,bert_precision_example,bert_recall_example,bert_f1_example
42,"مريض: السلام عليكم دكتور، أعاني من ألم في عضلات الساقين يوم أمشي، وهالشي صار لي من كم شهر

مساعد طبي: وعليكم السلام، هلا. تقدر توصف لي الألم بتفصيل أكثر؟ متى بالضبط ييّك وكيف يروح؟

مريض: الألم مثل الشدّ/التشنّج في عضلة بطة الساق، ويبدأ عقب ما أمشي تقريباً ميتين متر، وأول ما أوقف وأرتاح يختفي على طول

مساعد طبي: فهمت، الوصف هذا مهم. تحس بهالألم وإنت مرتاح ولا بس يوم تمشي؟ ولاحظت أي تغيّرات في جلد الساقين أو الريول؟

مريض: لا، بس يوم أمشي. وقت الراحة ما أحس بشي. بالنسبة للجلد، إي لاحظت جلد الساقين صار خفيف ولامع، وأنا أدخّن من أربعين سنة وعندي سكري النوع الثاني

مساعد طبي: على حسب الأعراض اللي تقولها، ممكن يكون عندك مرض الشرايين الطرفية. التدخين والسكري من أهم العوامل لهالحالة. هل عندك أي ألم مستمر في الريول حتى وإنت مرتاح، أو جروح ما تلتئم، أو برودة وشحوب في رِجل وحدة؟

مريض: لا، ما عندي ألم مستمر وما عندي جروح، والريول طبيعية من ناحية اللون والحرارة. شو العلاج اللي لازم لحالتي؟",الأعراض اللي تذكرها تدل على احتمال وجود مرض الشرايين الطرفية، ولازم نأكد التشخيص بفحص دوبلر للأطراف السفلية. أنصحك توقف التدخين فوراً وتلتزم بعلاج السكري، وإذا استمر الألم أو ظهرت أعراض أخرى، لازم تراجع أخصائي الأوعية الدموية.,العلاج الحين يحتاج إنك توقف التدخين، وتضبط السكري، وتحافظ على معدل السكر التراكمي ضمن الحدود اللي يحددها لك دكتور السكري، وتسيطر على الكوليسترول والضغط، وتتابع مع دكتور الشرايين عشان يسوي لك فحص دابلر ويتأكد إن الشرايين سليمة. والأفضل تروح الطوارئ إذا جاك ألم في الريل أو تغير لونها أو حرارتها، أو طلعت لك جروح، أو حسّيت بضعف في عضلات الريول.,Suggest Peripheral Artery Disease (PAD) and emphasize lifestyle modification (smoking cessation and walking programs) alongside a non-emergent vascular referral.,"Constant pain at rest, non-healing foot ulcers, or a cold, pale, pulseless foot (Acute Limb Ischemia).",الأعراض اللي تذكرها تدل على احتمال وجود مرض الشرايين الطرفية، ولازم نأكد التشخيص بفحص دوبلر للأطراف السفلية. أنصحك توقف التدخين فوراً وتلتزم بعلاج السكري، وإذا استمر الألم أو ظهرت أعراض أخرى، لازم تراجع أخصائي الأوعية الدموية.,العلاج الحين يحتاج إنك توقف التدخين، وتضبط السكري، وتحافظ على معدل السكر التراكمي ضمن الحدود اللي يحددها لك دكتور السكري، وتسيطر على الكوليسترول والضغط، وتتابع مع دكتور الشرايين عشان يسوي لك فحص دابلر ويتأكد إن الشرايين سليمة. والأفضل تروح الطوارئ إذا جاك ألم في الريل أو تغير لونها أو حرارتها، أو طلعت لك جروح، أو حسّيت بضعف في عضلات الريول.,0.5774953365325928,0.560124397277832,0.5686772465705872
